State,Postcode,Individuals,MedianIncome,MeanIncome
ACT,2600,5712.00,66815.00,94265.00
ACT,2601,2777.00,46880.00,66876.00
ACT,2602,19072.00,57584.00,68424.00
ACT,2603,6210.00,70655.00,116150.00
ACT,2604,7205.00,67865.00,81898.00
ACT,2605,7433.00,59671.00,78479.00
ACT,2606,5902.00,55252.00,68359.00
ACT,2607,9244.00,54755.00,69960.00
ACT,2609,597.00,46296.00,66034.00
ACT,2611,15452.00,56898.00,67428.00
ACT,2612,9514.00,59011.00,70468.00
ACT,2614,12156.00,54246.00,67137.00
ACT,2615,27050.00,52904.00,58699.00
ACT,2617,19597.00,51602.00,60470.00
ACT,2618,856.00,46466.00,74806.00
ACT,2900,1199.00,54847.00,60724.00
ACT,2902,9605.00,53461.00,61344.00
ACT,2903,5998.00,52957.00,60666.00
ACT,2904,8770.00,56291.00,65285.00
ACT,2905,18004.00,54702.00,60141.00
ACT,2906,10895.00,56421.00,61447.00
ACT,2912,3782.00,52737.00,58286.00
ACT,2913,19057.00,57317.00,64201.00
ACT,2914,12748.00,60928.00,65409.00
NSW,2000,35372.00,18013.00,45807.00
NSW,2007,4729.00,32969.00,46841.00
NSW,2008,5166.00,40518.00,53660.00
NSW,2009,9614.00,50966.00,85103.00
NSW,2010,19583.00,53346.00,76891.00
NSW,2011,14652.00,53535.00,84671.00
NSW,2015,6907.00,59694.00,72061.00
NSW,2016,7890.00,51090.00,66693.00
NSW,2017,10579.00,52231.00,61583.00
NSW,2018,8347.00,43123.00,52701.00
NSW,2019,5751.00,50362.00,60335.00
NSW,2020,8092.00,47119.00,54716.00
NSW,2021,10663.00,61349.00,111537.00
NSW,2022,9017.00,49748.00,78217.00
NSW,2023,7107.00,64526.00,155172.00
NSW,2024,7276.00,57937.00,112423.00
NSW,2025,5281.00,61606.00,127421.00
NSW,2026,23516.00,51886.00,84520.00
NSW,2027,6071.00,68004.00,200015.00
NSW,2028,3393.00,59674.00,130759.00
NSW,2029,6846.00,55824.00,102065.00
NSW,2030,9642.00,59958.00,154010.00
NSW,2031,22769.00,56129.00,83259.00
NSW,2032,8395.00,40668.00,57109.00
NSW,2033,6945.00,46979.00,69990.00
NSW,2034,14026.00,56675.00,83308.00
NSW,2035,20493.00,48136.00,66603.00
NSW,2036,15815.00,45237.00,59546.00
NSW,2037,8888.00,48913.00,73502.00
NSW,2038,5866.00,60342.00,85624.00
NSW,2039,5626.00,65743.00,92312.00
NSW,2040,12932.00,59110.00,78983.00
NSW,2041,10684.00,67300.00,117342.00
NSW,2042,12430.00,51936.00,66153.00
NSW,2043,5020.00,63579.00,76925.00
NSW,2044,4934.00,50543.00,58399.00
NSW,2045,4047.00,49585.00,91343.00
NSW,2046,16163.00,54211.00,74756.00
NSW,2047,7626.00,60843.00,90204.00
NSW,2048,4928.00,53868.00,70524.00
NSW,2049,6596.00,51885.00,67698.00
NSW,2050,5079.00,60498.00,75181.00
NSW,2060,10188.00,61424.00,94422.00
NSW,2061,4219.00,69121.00,116154.00
NSW,2062,4752.00,64474.00,96281.00
NSW,2063,4174.00,62296.00,152050.00
NSW,2064,6073.00,53206.00,78724.00
NSW,2065,20274.00,63749.00,92085.00
NSW,2066,18333.00,57476.00,95088.00
NSW,2067,15747.00,42926.00,65861.00
NSW,2068,10447.00,56436.00,110349.00
NSW,2069,9055.00,54164.00,119012.00
NSW,2070,8263.00,55588.00,107932.00
NSW,2071,8481.00,52447.00,104972.00
NSW,2072,4808.00,47963.00,90204.00
NSW,2073,10357.00,54139.00,97281.00
NSW,2074,14355.00,49817.00,93327.00
NSW,2075,12992.00,48267.00,88794.00
NSW,2076,15010.00,50790.00,91130.00
NSW,2077,21650.00,45390.00,56542.00
NSW,2079,4505.00,47273.00,60324.00
NSW,2080,1052.00,43930.00,65657.00
NSW,2081,3300.00,46420.00,60887.00
NSW,2082,3268.00,46461.00,59147.00
NSW,2083,927.00,42341.00,57345.00
NSW,2084,2423.00,46925.00,87784.00
NSW,2085,7137.00,44011.00,69025.00
NSW,2086,8158.00,47472.00,70790.00
NSW,2087,7502.00,47079.00,74988.00
NSW,2088,19521.00,64448.00,161579.00
NSW,2089,8810.00,61107.00,95209.00
NSW,2090,9105.00,63140.00,105928.00
NSW,2092,4424.00,57056.00,119506.00
NSW,2093,14334.00,51519.00,92425.00
NSW,2094,4103.00,59247.00,91566.00
NSW,2095,11894.00,55713.00,99066.00
NSW,2096,9843.00,54927.00,96406.00
NSW,2097,9709.00,48077.00,76716.00
NSW,2099,25053.00,44748.00,60873.00
NSW,2100,13302.00,45334.00,64553.00
NSW,2101,12049.00,46822.00,66985.00
NSW,2102,4252.00,48195.00,68014.00
NSW,2103,7167.00,45035.00,66394.00
NSW,2104,2377.00,43843.00,94425.00
NSW,2105,1361.00,44826.00,92337.00
NSW,2106,6448.00,46099.00,78116.00
NSW,2107,9847.00,43922.00,77408.00
NSW,2108,1290.00,48410.00,127995.00
NSW,2110,6025.00,62610.00,149761.00
NSW,2111,8758.00,52286.00,79902.00
NSW,2112,17557.00,46141.00,61076.00
NSW,2113,11482.00,47428.00,61231.00
NSW,2114,13787.00,45844.00,56881.00
NSW,2115,5281.00,43465.00,52723.00
NSW,2116,3375.00,43310.00,51204.00
NSW,2117,11112.00,41659.00,53187.00
NSW,2118,13653.00,40458.00,54146.00
NSW,2119,7255.00,50223.00,82737.00
NSW,2120,12686.00,47499.00,65031.00
NSW,2121,17001.00,44220.00,62597.00
NSW,2122,18656.00,39938.00,54059.00
NSW,2125,10867.00,49837.00,78015.00
NSW,2126,11804.00,46932.00,65741.00
NSW,2127,6933.00,52832.00,62532.00
NSW,2128,1060.00,41153.00,48802.00
NSW,2130,4513.00,51459.00,66285.00
NSW,2131,13646.00,41827.00,52020.00
NSW,2132,6080.00,44870.00,59022.00
NSW,2133,5972.00,43290.00,53614.00
NSW,2134,8858.00,33267.00,47303.00
NSW,2135,16002.00,39554.00,63608.00
NSW,2136,4393.00,43753.00,55809.00
NSW,2137,15888.00,49011.00,71292.00
NSW,2138,10493.00,45879.00,59109.00
NSW,2140,8201.00,40847.00,49193.00
NSW,2141,15000.00,35580.00,43289.00
NSW,2142,11345.00,37065.00,42610.00
NSW,2143,3998.00,38726.00,44663.00
NSW,2144,16284.00,30344.00,36273.00
NSW,2145,41470.00,44679.00,52067.00
NSW,2146,9355.00,44685.00,50721.00
NSW,2147,19243.00,44719.00,50839.00
NSW,2148,32103.00,42132.00,46436.00
NSW,2150,17114.00,41999.00,48453.00
NSW,2151,11530.00,44932.00,55757.00
NSW,2152,6243.00,46166.00,55637.00
NSW,2153,33711.00,47672.00,60484.00
NSW,2154,24222.00,47261.00,67126.00
NSW,2155,28466.00,52205.00,64324.00
NSW,2156,8585.00,45781.00,75471.00
NSW,2157,2282.00,39773.00,60541.00
NSW,2158,5490.00,44854.00,81737.00
NSW,2159,3268.00,42144.00,65346.00
NSW,2160,16354.00,38213.00,44607.00
NSW,2161,12619.00,36872.00,42226.00
NSW,2162,7878.00,37367.00,43682.00
NSW,2163,3331.00,35829.00,40881.00
NSW,2164,9385.00,40752.00,47432.00
NSW,2165,15784.00,37172.00,42421.00
NSW,2166,21672.00,35816.00,40570.00
NSW,2167,4774.00,44959.00,50178.00
NSW,2168,17826.00,40137.00,44782.00
NSW,2170,46735.00,42130.00,48658.00
NSW,2171,17796.00,46119.00,53214.00
NSW,2172,1311.00,55236.00,65592.00
NSW,2173,8165.00,51575.00,56843.00
NSW,2174,590.00,45736.00,55936.00
NSW,2175,1049.00,42413.00,56353.00
NSW,2176,23873.00,41421.00,48033.00
NSW,2177,7308.00,40365.00,45069.00
NSW,2178,1959.00,41512.00,55232.00
NSW,2179,2309.00,40059.00,50123.00
NSW,2190,10503.00,35374.00,43925.00
NSW,2191,3041.00,39962.00,49945.00
NSW,2192,6416.00,37517.00,43585.00
NSW,2193,8250.00,44059.00,55000.00
NSW,2194,11985.00,33638.00,39332.00
NSW,2195,11278.00,31840.00,37033.00
NSW,2196,14329.00,36219.00,42895.00
NSW,2197,3960.00,38355.00,45160.00
NSW,2198,4437.00,40523.00,50070.00
NSW,2199,7513.00,37638.00,44280.00
NSW,2200,18564.00,36676.00,43371.00
NSW,2203,8085.00,50960.00,61961.00
NSW,2204,14543.00,47155.00,58003.00
NSW,2205,8768.00,42992.00,51522.00
NSW,2206,10684.00,45005.00,59558.00
NSW,2207,14941.00,42744.00,52451.00
NSW,2208,6920.00,41104.00,52108.00
NSW,2209,8719.00,39299.00,48469.00
NSW,2210,15623.00,40933.00,53308.00
NSW,2211,9331.00,43938.00,51726.00
NSW,2212,8126.00,43706.00,51058.00
NSW,2213,11780.00,46220.00,56275.00
NSW,2214,2370.00,45385.00,53502.00
NSW,2216,16355.00,40639.00,48978.00
NSW,2217,15543.00,42595.00,52756.00
NSW,2218,9334.00,41032.00,48563.00
NSW,2219,7547.00,46521.00,62724.00
NSW,2220,17326.00,36241.00,45269.00
NSW,2221,9883.00,45024.00,68124.00
NSW,2222,7291.00,42111.00,52077.00
NSW,2223,12972.00,47120.00,64143.00
NSW,2224,8493.00,43623.00,63614.00
NSW,2225,3378.00,49881.00,72184.00
NSW,2226,7540.00,50048.00,64416.00
NSW,2227,8753.00,47505.00,63114.00
NSW,2228,10904.00,45548.00,60536.00
NSW,2229,17929.00,47310.00,72588.00
NSW,2230,19272.00,49777.00,81251.00
NSW,2231,1318.00,46642.00,60848.00
NSW,2232,19588.00,47739.00,58981.00
NSW,2233,17993.00,47437.00,56531.00
NSW,2234,20127.00,48311.00,62372.00
NSW,2250,37112.00,40826.00,50969.00
NSW,2251,18123.00,39918.00,51867.00
NSW,2256,7685.00,38326.00,48817.00
NSW,2257,14680.00,37008.00,48040.00
NSW,2258,3031.00,43423.00,55528.00
NSW,2259,28029.00,39886.00,48750.00
NSW,2260,14134.00,41866.00,58927.00
NSW,2261,28827.00,39425.00,46965.00
NSW,2262,9066.00,38910.00,44812.00
NSW,2263,10349.00,37351.00,44093.00
NSW,2264,6816.00,37478.00,47738.00
NSW,2265,2762.00,37918.00,48194.00
NSW,2267,1537.00,36792.00,52965.00
NSW,2278,1444.00,43034.00,50903.00
NSW,2280,14760.00,42265.00,57200.00
NSW,2281,7150.00,39555.00,51069.00
NSW,2282,8750.00,43893.00,58666.00
NSW,2283,12460.00,40032.00,55131.00
NSW,2284,5473.00,40422.00,50162.00
NSW,2285,15912.00,44091.00,51460.00
NSW,2286,1943.00,42279.00,48891.00
NSW,2287,18700.00,42949.00,51727.00
NSW,2289,11270.00,44641.00,55138.00
NSW,2290,18601.00,43066.00,54968.00
NSW,2291,8869.00,50337.00,75109.00
NSW,2292,1371.00,45452.00,53936.00
NSW,2293,1591.00,44111.00,55232.00
NSW,2294,1097.00,44589.00,51950.00
NSW,2295,2943.00,44366.00,55157.00
NSW,2296,1057.00,43473.00,51641.00
NSW,2297,831.00,42235.00,50397.00
NSW,2298,4551.00,41701.00,48694.00
NSW,2299,5530.00,41285.00,50742.00
NSW,2300,7108.00,49602.00,86482.00
NSW,2302,340.00,47124.00,55058.00
NSW,2303,5174.00,43792.00,61921.00
NSW,2304,7801.00,43129.00,48936.00
NSW,2305,7307.00,47278.00,62523.00
NSW,2306,900.00,34968.00,38275.00
NSW,2307,1735.00,38402.00,43588.00
NSW,2311,484.00,30826.00,39369.00
NSW,2312,708.00,29731.00,38891.00
NSW,2315,7846.00,35282.00,49124.00
NSW,2316,3021.00,36192.00,51705.00
NSW,2317,3327.00,35459.00,47765.00
NSW,2318,6488.00,43040.00,52249.00
NSW,2319,2969.00,37568.00,45829.00
NSW,2320,17155.00,44758.00,59968.00
NSW,2321,7261.00,44374.00,57414.00
NSW,2322,9420.00,44074.00,52771.00
NSW,2323,13664.00,43932.00,54092.00
NSW,2324,11638.00,38574.00,48176.00
NSW,2325,12254.00,39723.00,51564.00
NSW,2326,3240.00,39807.00,48591.00
NSW,2327,3372.00,39889.00,47286.00
NSW,2328,1367.00,41812.00,53537.00
NSW,2329,1041.00,34859.00,45167.00
NSW,2330,11467.00,49099.00,69191.00
NSW,2333,6976.00,48975.00,65689.00
NSW,2334,1357.00,45195.00,58004.00
NSW,2335,3255.00,47822.00,62978.00
NSW,2336,1446.00,43898.00,58791.00
NSW,2337,4549.00,40861.00,111407.00
NSW,2338,678.00,33664.00,43584.00
NSW,2339,399.00,31268.00,34727.00
NSW,2340,26616.00,39596.00,46318.00
NSW,2341,623.00,32975.00,42324.00
NSW,2342,285.00,30987.00,36009.00
NSW,2343,2645.00,34658.00,39942.00
NSW,2344,422.00,35978.00,40723.00
NSW,2345,452.00,35203.00,40109.00
NSW,2346,1409.00,33708.00,38368.00
NSW,2347,843.00,28727.00,31235.00
NSW,2350,13591.00,37691.00,46948.00
NSW,2352,1404.00,39125.00,44886.00
NSW,2353,540.00,37514.00,41863.00
NSW,2354,2143.00,28863.00,32764.00
NSW,2355,290.00,28883.00,33955.00
NSW,2357,1984.00,31792.00,38480.00
NSW,2358,2070.00,32877.00,37776.00
NSW,2359,360.00,25241.00,27082.00
NSW,2360,7146.00,35433.00,39838.00
NSW,2361,377.00,22857.00,25550.00
NSW,2365,2000.00,29474.00,37097.00
NSW,2369,327.00,33524.00,36492.00
NSW,2370,3745.00,29587.00,34528.00
NSW,2371,534.00,24189.00,29464.00
NSW,2372,2477.00,28181.00,34311.00
NSW,2379,210.00,22936.00,36455.00
NSW,2380,5480.00,39719.00,50155.00
NSW,2381,608.00,37145.00,45814.00
NSW,2382,713.00,35140.00,44193.00
NSW,2386,219.00,25192.00,8428.00
NSW,2388,1496.00,37005.00,43242.00
NSW,2390,4881.00,40951.00,49819.00
NSW,2395,270.00,24118.00,27787.00
NSW,2396,414.00,30004.00,35728.00
NSW,2397,259.00,32032.00,44085.00
NSW,2399,322.00,37219.00,39675.00
NSW,2400,5626.00,41660.00,49983.00
NSW,2402,878.00,32025.00,36116.00
NSW,2403,356.00,24021.00,24368.00
NSW,2404,872.00,27680.00,24614.00
NSW,2405,311.00,36171.00,38785.00
NSW,2406,477.00,39196.00,44610.00
NSW,2408,232.00,43098.00,35690.00
NSW,2409,304.00,30291.00,55826.00
NSW,2420,2047.00,32477.00,42638.00
NSW,2421,1066.00,39472.00,51945.00
NSW,2422,2734.00,29745.00,37297.00
NSW,2423,1437.00,31568.00,38548.00
NSW,2424,203.00,22740.00,27230.00
NSW,2425,930.00,34677.00,46642.00
NSW,2426,294.00,31244.00,39659.00
NSW,2427,1165.00,30684.00,41071.00
NSW,2428,10846.00,31630.00,40806.00
NSW,2429,4691.00,32154.00,36919.00
NSW,2430,15291.00,34413.00,41577.00
NSW,2431,2297.00,31737.00,39649.00
NSW,2439,1160.00,33397.00,39740.00
NSW,2440,9439.00,33574.00,38599.00
NSW,2441,2507.00,31824.00,39737.00
NSW,2443,4023.00,31216.00,37519.00
NSW,2444,23776.00,36113.00,45835.00
NSW,2445,3362.00,35470.00,43097.00
NSW,2446,6498.00,33632.00,41395.00
NSW,2447,3435.00,31047.00,39503.00
NSW,2448,3795.00,32257.00,39735.00
NSW,2449,945.00,28749.00,34491.00
NSW,2450,22688.00,36279.00,45274.00
NSW,2452,7657.00,36598.00,42350.00
NSW,2453,1512.00,25369.00,31038.00
NSW,2454,3961.00,31748.00,41486.00
NSW,2455,1509.00,34570.00,41096.00
NSW,2456,7959.00,32693.00,40382.00
NSW,2460,13561.00,34529.00,40151.00
NSW,2462,1050.00,29027.00,35423.00
NSW,2463,3518.00,31071.00,38542.00
NSW,2464,3435.00,29770.00,38718.00
NSW,2466,655.00,27225.00,33296.00
NSW,2469,1601.00,25550.00,32219.00
NSW,2470,6959.00,35878.00,38995.00
NSW,2471,1100.00,31273.00,33237.00
NSW,2472,1029.00,32331.00,38303.00
NSW,2473,1330.00,35378.00,42369.00
NSW,2474,3099.00,29281.00,35771.00
NSW,2476,338.00,24522.00,33545.00
NSW,2477,6654.00,35184.00,42921.00
NSW,2478,15792.00,35761.00,45829.00
NSW,2479,3012.00,32568.00,51442.00
NSW,2480,23442.00,35316.00,42512.00
NSW,2481,8014.00,30156.00,45426.00
NSW,2482,3611.00,27897.00,39357.00
NSW,2483,5847.00,31433.00,41042.00
NSW,2484,9404.00,32795.00,40997.00
NSW,2485,6833.00,34560.00,42958.00
NSW,2486,15773.00,35977.00,43585.00
NSW,2487,6593.00,37872.00,52735.00
NSW,2488,1829.00,35951.00,44174.00
NSW,2489,3503.00,36152.00,46977.00
NSW,2490,387.00,36917.00,48197.00
NSW,2500,20169.00,40644.00,53801.00
NSW,2502,4741.00,36602.00,43761.00
NSW,2505,2299.00,39205.00,49199.00
NSW,2506,3318.00,39663.00,47765.00
NSW,2508,5323.00,46803.00,59917.00
NSW,2515,6731.00,48598.00,71900.00
NSW,2516,3381.00,48536.00,64271.00
NSW,2517,7182.00,45348.00,57295.00
NSW,2518,9739.00,42073.00,51969.00
NSW,2519,8943.00,41067.00,54479.00
NSW,2525,6204.00,43621.00,55755.00
NSW,2526,8715.00,42667.00,55447.00
NSW,2527,11262.00,42058.00,50946.00
NSW,2528,10781.00,38287.00,46637.00
NSW,2529,13292.00,43021.00,53598.00
NSW,2530,15911.00,41250.00,49773.00
NSW,2533,9336.00,39506.00,56003.00
NSW,2534,3179.00,39427.00,53207.00
NSW,2535,4065.00,35142.00,48046.00
NSW,2536,8747.00,33133.00,41273.00
NSW,2537,6169.00,34202.00,41869.00
NSW,2538,1244.00,32311.00,45663.00
NSW,2539,8783.00,30933.00,38996.00
NSW,2540,20416.00,35652.00,44513.00
NSW,2541,12349.00,37173.00,44689.00
NSW,2545,589.00,32192.00,39480.00
NSW,2546,4652.00,29640.00,37927.00
NSW,2548,4332.00,34316.00,42285.00
NSW,2549,2123.00,34929.00,43071.00
NSW,2550,8722.00,36097.00,44057.00
NSW,2551,1828.00,35153.00,42880.00
NSW,2556,1334.00,42413.00,56263.00
NSW,2557,3089.00,46540.00,54338.00
NSW,2558,6169.00,44260.00,48396.00
NSW,2559,833.00,35351.00,38766.00
NSW,2560,37895.00,43520.00,48869.00
NSW,2564,6348.00,40326.00,44365.00
NSW,2565,9995.00,44189.00,52209.00
NSW,2566,13554.00,43367.00,47976.00
NSW,2567,20630.00,49932.00,57117.00
NSW,2568,661.00,43554.00,56597.00
NSW,2569,838.00,45059.00,55877.00
NSW,2570,19981.00,47685.00,58040.00
NSW,2571,6308.00,47180.00,59026.00
NSW,2572,2287.00,44907.00,53500.00
NSW,2573,2505.00,42377.00,49046.00
NSW,2574,3102.00,42666.00,50180.00
NSW,2575,8199.00,38981.00,53998.00
NSW,2576,8181.00,36861.00,61289.00
NSW,2577,8327.00,37177.00,51249.00
NSW,2578,1522.00,32695.00,44819.00
NSW,2579,2076.00,36837.00,47859.00
NSW,2580,14975.00,40454.00,47867.00
NSW,2581,1194.00,42705.00,49034.00
NSW,2582,7241.00,47186.00,57083.00
NSW,2583,2477.00,32469.00,38928.00
NSW,2584,298.00,32758.00,39013.00
NSW,2586,1348.00,35306.00,39827.00
NSW,2587,1476.00,36249.00,41383.00
NSW,2588,220.00,36734.00,54780.00
NSW,2590,3675.00,37453.00,44746.00
NSW,2594,5904.00,35926.00,43431.00
NSW,2619,5864.00,67300.00,76747.00
NSW,2620,22405.00,52341.00,60712.00
NSW,2621,3770.00,56224.00,65328.00
NSW,2622,2059.00,35373.00,44068.00
NSW,2623,342.00,49171.00,52851.00
NSW,2625,209.00,32173.00,36759.00
NSW,2626,276.00,46581.00,52801.00
NSW,2627,2650.00,37547.00,47238.00
NSW,2628,992.00,35005.00,40729.00
NSW,2630,4971.00,38865.00,47395.00
NSW,2631,344.00,35930.00,45490.00
NSW,2632,1097.00,39026.00,45729.00
NSW,2633,219.00,32805.00,39933.00
NSW,2640,20109.00,41491.00,51856.00
NSW,2641,8117.00,38525.00,43360.00
NSW,2642,2862.00,38706.00,45805.00
NSW,2643,1469.00,35377.00,40590.00
NSW,2644,1382.00,35206.00,42317.00
NSW,2645,240.00,33868.00,44365.00
NSW,2646,3959.00,36864.00,44191.00
NSW,2647,1156.00,36399.00,43279.00
NSW,2648,1194.00,32304.00,39090.00
NSW,2650,31881.00,42160.00,51213.00
NSW,2651,1035.00,43989.00,47243.00
NSW,2652,2734.00,38102.00,47226.00
NSW,2653,1262.00,37646.00,43100.00
NSW,2655,769.00,38573.00,44435.00
NSW,2656,699.00,39076.00,47726.00
NSW,2658,741.00,33755.00,38215.00
NSW,2659,538.00,34860.00,39346.00
NSW,2660,834.00,34702.00,42293.00
NSW,2663,2171.00,38334.00,45012.00
NSW,2665,1246.00,32203.00,39779.00
NSW,2666,2950.00,35707.00,42713.00
NSW,2668,215.00,29673.00,42697.00
NSW,2669,980.00,35726.00,47506.00
NSW,2671,2254.00,36551.00,46928.00
NSW,2672,816.00,38810.00,48418.00
NSW,2675,967.00,38106.00,46301.00
NSW,2680,13552.00,38813.00,45195.00
NSW,2681,938.00,37422.00,46171.00
NSW,2700,2565.00,36209.00,42111.00
NSW,2701,1246.00,39981.00,47186.00
NSW,2702,375.00,38648.00,48042.00
NSW,2703,404.00,37700.00,39713.00
NSW,2705,5506.00,38448.00,43424.00
NSW,2706,619.00,41099.00,39945.00
NSW,2707,908.00,34521.00,39363.00
NSW,2710,5768.00,36459.00,41907.00
NSW,2711,1827.00,35682.00,41925.00
NSW,2712,754.00,33019.00,39501.00
NSW,2713,1582.00,33327.00,38590.00
NSW,2714,1412.00,32426.00,39459.00
NSW,2715,798.00,37070.00,45479.00
NSW,2716,696.00,34590.00,44301.00
NSW,2717,605.00,32824.00,39168.00
NSW,2720,4273.00,40479.00,49445.00
NSW,2722,1705.00,35914.00,42391.00
NSW,2727,214.00,26976.00,39317.00
NSW,2729,908.00,35207.00,43191.00
NSW,2730,799.00,35022.00,39569.00
NSW,2731,3322.00,36438.00,44430.00
NSW,2732,1024.00,31850.00,39143.00
NSW,2733,356.00,35696.00,43029.00
NSW,2736,221.00,30281.00,35927.00
NSW,2737,392.00,34837.00,34171.00
NSW,2738,801.00,38347.00,46726.00
NSW,2739,676.00,33496.00,40615.00
NSW,2745,16461.00,50170.00,59029.00
NSW,2747,20151.00,45267.00,50022.00
NSW,2748,1447.00,44486.00,58923.00
NSW,2749,9385.00,47455.00,54755.00
NSW,2750,23775.00,46042.00,53192.00
NSW,2752,2905.00,45952.00,55184.00
NSW,2753,9430.00,42447.00,52539.00
NSW,2754,3142.00,42370.00,51505.00
NSW,2756,19216.00,44635.00,52733.00
NSW,2757,583.00,40391.00,50634.00
NSW,2758,5300.00,43487.00,55937.00
NSW,2759,15911.00,46674.00,51455.00
NSW,2760,14967.00,43259.00,46840.00
NSW,2761,15501.00,45704.00,49253.00
NSW,2762,2163.00,45610.00,52231.00
NSW,2763,17256.00,48427.00,53549.00
NSW,2765,8019.00,42809.00,53220.00
NSW,2766,7694.00,44216.00,48301.00
NSW,2767,11093.00,45139.00,49641.00
NSW,2768,15229.00,51037.00,58986.00
NSW,2770,25006.00,40121.00,43351.00
NSW,2773,3775.00,48420.00,64083.00
NSW,2774,7715.00,47120.00,57390.00
NSW,2775,724.00,36840.00,47559.00
NSW,2776,2443.00,46404.00,55570.00
NSW,2777,10325.00,44961.00,55191.00
NSW,2778,1422.00,43917.00,53752.00
NSW,2779,2637.00,42814.00,50238.00
NSW,2780,6960.00,35682.00,49579.00
NSW,2782,3264.00,39154.00,50970.00
NSW,2783,1472.00,40430.00,48391.00
NSW,2784,691.00,43070.00,51664.00
NSW,2785,2563.00,36477.00,47445.00
NSW,2786,617.00,36516.00,49309.00
NSW,2787,2333.00,39711.00,45008.00
NSW,2790,7363.00,40538.00,54034.00
NSW,2793,466.00,30608.00,44712.00
NSW,2794,5424.00,34557.00,41154.00
NSW,2795,21717.00,41914.00,51036.00
NSW,2797,219.00,31370.00,38717.00
NSW,2798,1201.00,40916.00,55038.00
NSW,2799,2080.00,39713.00,47016.00
NSW,2800,23667.00,43047.00,53928.00
NSW,2804,1343.00,33414.00,37897.00
NSW,2805,211.00,36276.00,39282.00
NSW,2806,465.00,35856.00,42932.00
NSW,2810,1628.00,35118.00,43056.00
NSW,2820,3061.00,35189.00,42111.00
NSW,2821,2521.00,36468.00,43100.00
NSW,2823,751.00,35544.00,43331.00
NSW,2824,1303.00,39639.00,46378.00
NSW,2825,1334.00,40075.00,50133.00
NSW,2827,1824.00,34619.00,39295.00
NSW,2828,368.00,29549.00,40359.00
NSW,2829,1515.00,34233.00,36949.00
NSW,2830,22268.00,41831.00,49140.00
NSW,2831,1701.00,31802.00,36411.00
NSW,2832,1198.00,35665.00,33487.00
NSW,2833,260.00,38007.00,34766.00
NSW,2834,862.00,31946.00,36182.00
NSW,2835,2265.00,50644.00,66324.00
NSW,2836,313.00,37334.00,44939.00
NSW,2839,473.00,38511.00,39119.00
NSW,2840,1433.00,39787.00,42677.00
NSW,2842,282.00,22867.00,28317.00
NSW,2843,679.00,30084.00,35469.00
NSW,2844,661.00,30689.00,37487.00
NSW,2845,982.00,43656.00,55580.00
NSW,2847,1022.00,40557.00,55494.00
NSW,2848,538.00,34975.00,46268.00
NSW,2849,791.00,31691.00,45924.00
NSW,2850,9159.00,38567.00,53699.00
NSW,2852,1734.00,35158.00,58948.00
NSW,2864,504.00,37964.00,43944.00
NSW,2865,460.00,38571.00,42916.00
NSW,2866,1594.00,37039.00,44012.00
NSW,2867,338.00,31186.00,36558.00
NSW,2868,327.00,32017.00,43659.00
NSW,2869,676.00,30174.00,37010.00
NSW,2870,6229.00,39063.00,47930.00
NSW,2871,4683.00,37228.00,44450.00
NSW,2873,376.00,31078.00,38869.00
NSW,2874,245.00,33668.00,34048.00
NSW,2875,465.00,30308.00,39084.00
NSW,2876,229.00,25628.00,30513.00
NSW,2877,2074.00,35989.00,42639.00
NSW,2879,265.00,45579.00,53897.00
NSW,2880,8848.00,41580.00,50431.00
NSW,2898,265.00,35726.00,49370.00
NT ,800,5272.00,43291.00,61449.00
NT ,801,1454.00,55077.00,71347.00
NT ,804,329.00,63457.00,78459.00
NT ,810,20337.00,53134.00,62452.00
NT ,811,678.00,60446.00,71979.00
NT ,812,11690.00,54619.00,61832.00
NT ,814,318.00,56221.00,67055.00
NT ,820,13138.00,58176.00,73025.00
NT ,821,893.00,57134.00,66211.00
NT ,822,4753.00,32642.00,44691.00
NT ,828,625.00,60987.00,81971.00
NT ,830,11316.00,57540.00,63396.00
NT ,831,1658.00,59838.00,68191.00
NT ,832,7408.00,61337.00,67668.00
NT ,835,3370.00,58789.00,70602.00
NT ,836,4488.00,57100.00,66038.00
NT ,837,706.00,51361.00,59019.00
NT ,845,361.00,43666.00,49767.00
NT ,850,3453.00,50231.00,55941.00
NT ,851,1424.00,49730.00,56437.00
NT ,852,1617.00,30700.00,38428.00
NT ,853,384.00,66243.00,64734.00
NT ,854,427.00,37884.00,51123.00
NT ,860,819.00,52177.00,58561.00
NT ,861,682.00,40661.00,46314.00
NT ,862,211.00,37007.00,42135.00
NT ,870,13457.00,49232.00,56679.00
NT ,871,2441.00,49740.00,57028.00
NT ,872,3424.00,31303.00,38797.00
NT ,880,681.00,50431.00,66204.00
NT ,881,1875.00,55519.00,68368.00
NT ,885,616.00,72005.00,86222.00
NT ,886,869.00,53899.00,62867.00
QLD,4000,12131.00,35759.00,61731.00
QLD,4005,11592.00,57821.00,89085.00
QLD,4006,9055.00,49748.00,76666.00
QLD,4007,8068.00,55408.00,99788.00
QLD,4008,236.00,50032.00,68591.00
QLD,4010,1799.00,49604.00,63551.00
QLD,4011,10037.00,52545.00,85401.00
QLD,4012,12999.00,50848.00,65018.00
QLD,4013,2953.00,49477.00,60828.00
QLD,4014,7073.00,46944.00,55801.00
QLD,4017,20932.00,45618.00,54556.00
QLD,4018,6005.00,45567.00,50728.00
QLD,4019,10494.00,41498.00,49901.00
QLD,4020,12233.00,41335.00,54135.00
QLD,4021,4863.00,39703.00,45305.00
QLD,4022,3272.00,39410.00,44478.00
QLD,4030,9646.00,50037.00,66924.00
QLD,4031,7770.00,52377.00,64410.00
QLD,4032,9044.00,43075.00,52904.00
QLD,4034,26150.00,44448.00,53284.00
QLD,4035,15261.00,48160.00,63740.00
QLD,4036,3885.00,44310.00,49464.00
QLD,4037,4851.00,50481.00,62929.00
QLD,4051,17128.00,52966.00,71990.00
QLD,4053,26327.00,48190.00,57739.00
QLD,4054,8692.00,43897.00,51627.00
QLD,4055,12203.00,49081.00,59659.00
QLD,4059,7100.00,47722.00,66846.00
QLD,4060,8170.00,53462.00,78882.00
QLD,4061,10335.00,47977.00,66855.00
QLD,4064,7400.00,53677.00,85588.00
QLD,4065,5740.00,57042.00,92074.00
QLD,4066,11052.00,48012.00,69006.00
QLD,4067,5004.00,40250.00,79152.00
QLD,4068,14507.00,47175.00,79551.00
QLD,4069,21686.00,50188.00,84460.00
QLD,4070,6767.00,48812.00,63604.00
QLD,4073,5517.00,52048.00,69459.00
QLD,4074,15384.00,45951.00,57903.00
QLD,4075,13755.00,49240.00,69065.00
QLD,4076,2477.00,40092.00,44416.00
QLD,4077,12267.00,38006.00,42127.00
QLD,4078,13900.00,45987.00,52259.00
QLD,4101,13349.00,44880.00,67661.00
QLD,4102,4200.00,40484.00,53448.00
QLD,4103,8639.00,44616.00,58815.00
QLD,4104,3920.00,50199.00,72345.00
QLD,4105,7955.00,47357.00,61671.00
QLD,4106,901.00,42145.00,50922.00
QLD,4107,3745.00,43443.00,49468.00
QLD,4108,3100.00,38695.00,43839.00
QLD,4109,22418.00,33180.00,44943.00
QLD,4110,5163.00,41428.00,47058.00
QLD,4111,655.00,41565.00,48687.00
QLD,4112,4222.00,40231.00,51047.00
QLD,4113,18039.00,37426.00,47111.00
QLD,4114,11659.00,37061.00,39517.00
QLD,4115,11196.00,44862.00,51613.00
QLD,4116,14619.00,40663.00,48944.00
QLD,4118,16807.00,43524.00,48600.00
QLD,4119,3652.00,43179.00,51401.00
QLD,4120,5879.00,48513.00,59318.00
QLD,4121,14878.00,51054.00,65736.00
QLD,4122,26036.00,42688.00,52345.00
QLD,4123,10306.00,44913.00,52586.00
QLD,4124,10008.00,44968.00,51461.00
QLD,4125,3915.00,40598.00,48773.00
QLD,4127,14742.00,42228.00,50089.00
QLD,4128,9899.00,45150.00,52901.00
QLD,4129,3925.00,43905.00,49845.00
QLD,4130,5138.00,43701.00,55005.00
QLD,4131,4782.00,39448.00,43276.00
QLD,4132,11540.00,40520.00,43342.00
QLD,4133,8006.00,41031.00,46211.00
QLD,4151,10821.00,50687.00,67203.00
QLD,4152,27609.00,49572.00,65921.00
QLD,4153,2761.00,50102.00,65033.00
QLD,4154,6266.00,55764.00,72060.00
QLD,4155,968.00,49399.00,97061.00
QLD,4156,1950.00,49493.00,70617.00
QLD,4157,11307.00,43980.00,52343.00
QLD,4158,2146.00,46523.00,53407.00
QLD,4159,8374.00,44985.00,55851.00
QLD,4160,11023.00,45559.00,61922.00
QLD,4161,9557.00,43838.00,49879.00
QLD,4163,9219.00,42515.00,63340.00
QLD,4164,7942.00,45543.00,58191.00
QLD,4165,20264.00,44847.00,55125.00
QLD,4169,8998.00,48348.00,74724.00
QLD,4170,15172.00,52667.00,69380.00
QLD,4171,10061.00,60562.00,95607.00
QLD,4172,2771.00,50562.00,63329.00
QLD,4173,4999.00,47513.00,54443.00
QLD,4174,1565.00,47381.00,53076.00
QLD,4178,14014.00,45647.00,56316.00
QLD,4179,11181.00,47511.00,61665.00
QLD,4183,1179.00,35703.00,45725.00
QLD,4184,2339.00,29129.00,38184.00
QLD,4205,2196.00,40596.00,44498.00
QLD,4207,26150.00,40680.00,47066.00
QLD,4208,10057.00,45230.00,52908.00
QLD,4209,21592.00,42594.00,51427.00
QLD,4210,10384.00,41714.00,51169.00
QLD,4211,33788.00,39742.00,48173.00
QLD,4212,16042.00,41080.00,59349.00
QLD,4213,16591.00,39492.00,51278.00
QLD,4214,21391.00,38570.00,48259.00
QLD,4215,25610.00,36059.00,44801.00
QLD,4216,20637.00,38968.00,56219.00
QLD,4217,25183.00,35401.00,57228.00
QLD,4218,20447.00,39412.00,57576.00
QLD,4219,262.00,34010.00,44550.00
QLD,4220,18922.00,39465.00,51130.00
QLD,4221,15231.00,38374.00,49610.00
QLD,4223,8358.00,38645.00,54750.00
QLD,4224,3826.00,39082.00,50375.00
QLD,4225,4523.00,35409.00,46935.00
QLD,4226,19285.00,38330.00,49233.00
QLD,4227,11054.00,39021.00,49313.00
QLD,4228,3329.00,39130.00,53277.00
QLD,4230,382.00,29981.00,39072.00
QLD,4270,2168.00,43305.00,52459.00
QLD,4271,1283.00,35153.00,45459.00
QLD,4272,2921.00,33769.00,47517.00
QLD,4275,1883.00,39680.00,47787.00
QLD,4280,8569.00,44146.00,51394.00
QLD,4285,9468.00,40112.00,47003.00
QLD,4287,375.00,30083.00,33411.00
QLD,4300,27060.00,46432.00,52661.00
QLD,4301,12666.00,42466.00,45978.00
QLD,4303,1483.00,40093.00,42535.00
QLD,4304,7579.00,41374.00,45498.00
QLD,4305,30082.00,43006.00,48279.00
QLD,4306,18425.00,45379.00,53923.00
QLD,4307,863.00,36816.00,42764.00
QLD,4309,1527.00,36019.00,41600.00
QLD,4310,3109.00,35065.00,42226.00
QLD,4311,4507.00,38406.00,43972.00
QLD,4312,1224.00,34641.00,44999.00
QLD,4313,973.00,31343.00,38079.00
QLD,4340,2620.00,37978.00,43328.00
QLD,4341,6540.00,39383.00,45463.00
QLD,4342,1237.00,37451.00,45032.00
QLD,4343,6351.00,32451.00,38713.00
QLD,4344,1318.00,38982.00,44696.00
QLD,4346,473.00,43456.00,48553.00
QLD,4347,661.00,37006.00,41970.00
QLD,4350,58380.00,42255.00,51958.00
QLD,4352,15709.00,43396.00,52288.00
QLD,4354,577.00,37973.00,44019.00
QLD,4355,1289.00,30714.00,38370.00
QLD,4356,2809.00,35595.00,42234.00
QLD,4357,1446.00,36692.00,41592.00
QLD,4358,1143.00,38485.00,44975.00
QLD,4359,654.00,36056.00,40582.00
QLD,4360,409.00,30118.00,35800.00
QLD,4361,1350.00,29344.00,37266.00
QLD,4362,1299.00,33586.00,39390.00
QLD,4363,411.00,37520.00,45584.00
QLD,4370,9593.00,35070.00,39633.00
QLD,4371,418.00,30042.00,34927.00
QLD,4373,563.00,30440.00,35199.00
QLD,4377,343.00,26307.00,30892.00
QLD,4380,4622.00,29695.00,35573.00
QLD,4381,270.00,29334.00,33726.00
QLD,4382,319.00,30081.00,36944.00
QLD,4383,427.00,28550.00,31829.00
QLD,4385,639.00,30571.00,36972.00
QLD,4387,729.00,32285.00,35241.00
QLD,4388,220.00,26598.00,27219.00
QLD,4390,4390.00,38104.00,45574.00
QLD,4400,1000.00,43556.00,48818.00
QLD,4401,3047.00,41036.00,44214.00
QLD,4403,437.00,34692.00,40235.00
QLD,4404,310.00,39706.00,44212.00
QLD,4405,8287.00,43527.00,52329.00
QLD,4406,613.00,28858.00,37467.00
QLD,4407,362.00,32223.00,38539.00
QLD,4408,384.00,27226.00,30476.00
QLD,4410,777.00,31353.00,37579.00
QLD,4413,4312.00,45695.00,58500.00
QLD,4415,1125.00,41607.00,52298.00
QLD,4416,322.00,32535.00,31499.00
QLD,4417,398.00,35050.00,36412.00
QLD,4419,561.00,31549.00,30467.00
QLD,4420,780.00,32873.00,32631.00
QLD,4421,1059.00,35696.00,40180.00
QLD,4422,273.00,27151.00,28588.00
QLD,4427,204.00,29326.00,32686.00
QLD,4428,436.00,31894.00,34101.00
QLD,4454,522.00,30576.00,31144.00
QLD,4455,5506.00,46312.00,51718.00
QLD,4465,814.00,30728.00,29922.00
QLD,4468,210.00,25094.00,24581.00
QLD,4470,2086.00,40864.00,43908.00
QLD,4472,873.00,36312.00,39200.00
QLD,4477,292.00,26693.00,27834.00
QLD,4478,299.00,33226.00,33049.00
QLD,4480,499.00,37979.00,38727.00
QLD,4486,437.00,35694.00,38284.00
QLD,4487,1953.00,38376.00,43869.00
QLD,4490,720.00,35698.00,38275.00
QLD,4500,23590.00,44872.00,52753.00
QLD,4501,3004.00,41785.00,46488.00
QLD,4502,5185.00,44124.00,51493.00
QLD,4503,21467.00,44297.00,50662.00
QLD,4504,9814.00,45549.00,53735.00
QLD,4505,10534.00,41912.00,50002.00
QLD,4506,11274.00,39167.00,45501.00
QLD,4507,8349.00,34006.00,45783.00
QLD,4508,8840.00,39240.00,44485.00
QLD,4509,13947.00,48386.00,57750.00
QLD,4510,21879.00,36892.00,42967.00
QLD,4511,4134.00,37291.00,45593.00
QLD,4512,2113.00,36730.00,47037.00
QLD,4514,3240.00,38138.00,46124.00
QLD,4515,2104.00,38374.00,46377.00
QLD,4516,2376.00,39344.00,48021.00
QLD,4517,384.00,38982.00,48379.00
QLD,4518,2679.00,36685.00,46192.00
QLD,4519,4265.00,36494.00,44864.00
QLD,4520,7961.00,49131.00,71071.00
QLD,4521,2632.00,45031.00,57657.00
QLD,4550,2328.00,37380.00,47227.00
QLD,4551,28784.00,37327.00,48666.00
QLD,4552,4929.00,30673.00,43681.00
QLD,4553,3265.00,38346.00,50008.00
QLD,4554,1100.00,37545.00,51033.00
QLD,4555,3913.00,37722.00,48035.00
QLD,4556,24063.00,38169.00,53373.00
QLD,4557,10728.00,38309.00,49870.00
QLD,4558,11409.00,36696.00,45904.00
QLD,4559,3466.00,37991.00,48705.00
QLD,4560,16229.00,36528.00,44564.00
QLD,4561,4171.00,36668.00,47804.00
QLD,4562,4601.00,34310.00,49057.00
QLD,4563,4750.00,35342.00,48150.00
QLD,4564,6337.00,37819.00,48173.00
QLD,4565,7791.00,34155.00,43826.00
QLD,4566,5129.00,34249.00,50721.00
QLD,4567,7493.00,35340.00,56648.00
QLD,4568,2005.00,35198.00,44012.00
QLD,4569,808.00,33589.00,43948.00
QLD,4570,19703.00,34460.00,41990.00
QLD,4571,406.00,29452.00,39609.00
QLD,4572,2494.00,39466.00,56358.00
QLD,4573,14079.00,37953.00,50820.00
QLD,4574,677.00,29334.00,40246.00
QLD,4575,14053.00,39937.00,55908.00
QLD,4580,1755.00,29018.00,39574.00
QLD,4581,691.00,28166.00,37444.00
QLD,4600,382.00,25977.00,35563.00
QLD,4601,588.00,21776.00,29271.00
QLD,4605,1867.00,32105.00,36512.00
QLD,4606,1157.00,33488.00,37859.00
QLD,4608,434.00,30729.00,37089.00
QLD,4610,7345.00,36287.00,43737.00
QLD,4613,309.00,23745.00,29054.00
QLD,4614,473.00,32384.00,40072.00
QLD,4615,2872.00,32774.00,40981.00
QLD,4621,763.00,26698.00,33071.00
QLD,4625,1664.00,29206.00,34865.00
QLD,4626,1300.00,27417.00,30230.00
QLD,4627,367.00,31144.00,34777.00
QLD,4630,1352.00,27727.00,35954.00
QLD,4650,14813.00,37300.00,43938.00
QLD,4655,26292.00,35492.00,45098.00
QLD,4659,1781.00,32081.00,40437.00
QLD,4660,3560.00,30676.00,40672.00
QLD,4662,286.00,33768.00,39469.00
QLD,4670,39402.00,36872.00,45721.00
QLD,4671,2735.00,28699.00,38658.00
QLD,4673,345.00,31355.00,37511.00
QLD,4674,599.00,30263.00,43763.00
QLD,4677,1849.00,36987.00,52572.00
QLD,4678,508.00,44319.00,61017.00
QLD,4680,33330.00,63639.00,80413.00
QLD,4695,594.00,57279.00,67076.00
QLD,4699,228.00,41087.00,51879.00
QLD,4700,9279.00,45499.00,58411.00
QLD,4701,23420.00,46186.00,55450.00
QLD,4702,14909.00,43922.00,54351.00
QLD,4703,12250.00,44973.00,60062.00
QLD,4705,234.00,30903.00,23871.00
QLD,4709,576.00,88398.00,101284.00
QLD,4710,2290.00,42461.00,55674.00
QLD,4711,978.00,51960.00,63115.00
QLD,4713,217.00,34478.00,39272.00
QLD,4714,1084.00,39821.00,49126.00
QLD,4715,4465.00,48787.00,61739.00
QLD,4716,520.00,38616.00,48696.00
QLD,4717,2687.00,74625.00,84004.00
QLD,4718,1310.00,47591.00,64098.00
QLD,4719,630.00,34989.00,41948.00
QLD,4720,9053.00,52125.00,66579.00
QLD,4721,2126.00,48399.00,60246.00
QLD,4722,1110.00,38724.00,48485.00
QLD,4723,906.00,44432.00,53756.00
QLD,4724,411.00,32483.00,25877.00
QLD,4725,922.00,43920.00,49132.00
QLD,4726,231.00,32685.00,31428.00
QLD,4730,2141.00,40915.00,44166.00
QLD,4735,737.00,36763.00,34745.00
QLD,4737,4774.00,47316.00,58921.00
QLD,4738,645.00,41788.00,56783.00
QLD,4740,49500.00,51272.00,65833.00
QLD,4741,4153.00,45933.00,59677.00
QLD,4742,577.00,48160.00,61683.00
QLD,4743,509.00,76305.00,85858.00
QLD,4744,4897.00,79605.00,90808.00
QLD,4745,1467.00,73515.00,85271.00
QLD,4746,1090.00,92888.00,92881.00
QLD,4750,3009.00,53164.00,68130.00
QLD,4751,2818.00,53553.00,65774.00
QLD,4753,2330.00,56177.00,69262.00
QLD,4754,1297.00,49290.00,62407.00
QLD,4756,370.00,37317.00,50248.00
QLD,4798,521.00,41634.00,55025.00
QLD,4799,544.00,35409.00,49079.00
QLD,4800,4980.00,41135.00,52402.00
QLD,4802,6864.00,39771.00,51913.00
QLD,4803,836.00,39056.00,42808.00
QLD,4804,962.00,44190.00,59212.00
QLD,4805,6308.00,36192.00,49408.00
QLD,4806,2257.00,39194.00,45468.00
QLD,4807,6864.00,39304.00,47855.00
QLD,4808,631.00,42651.00,49169.00
QLD,4809,525.00,37759.00,43820.00
QLD,4810,14120.00,49380.00,64684.00
QLD,4811,6873.00,48956.00,57856.00
QLD,4812,10805.00,45500.00,54987.00
QLD,4813,728.00,55694.00,50177.00
QLD,4814,25460.00,46788.00,56079.00
QLD,4815,10585.00,43847.00,51088.00
QLD,4816,4396.00,39941.00,48014.00
QLD,4817,17587.00,48164.00,55152.00
QLD,4818,14749.00,50406.00,57715.00
QLD,4819,1233.00,33912.00,43350.00
QLD,4820,5278.00,40644.00,48219.00
QLD,4821,855.00,37319.00,41549.00
QLD,4822,513.00,36128.00,35161.00
QLD,4823,551.00,37180.00,29809.00
QLD,4824,1606.00,54774.00,63257.00
QLD,4825,12039.00,61274.00,71128.00
QLD,4829,262.00,44336.00,51783.00
QLD,4830,498.00,34071.00,42215.00
QLD,4849,791.00,30480.00,42125.00
QLD,4850,6054.00,38452.00,45404.00
QLD,4852,2088.00,32884.00,43349.00
QLD,4854,3729.00,31894.00,38519.00
QLD,4855,397.00,34811.00,37451.00
QLD,4856,372.00,36384.00,42935.00
QLD,4858,850.00,37109.00,45807.00
QLD,4859,316.00,37981.00,42021.00
QLD,4860,6151.00,35686.00,41860.00
QLD,4861,777.00,35599.00,43204.00
QLD,4865,4161.00,42203.00,50277.00
QLD,4868,11225.00,42353.00,49671.00
QLD,4869,9339.00,42967.00,48978.00
QLD,4870,44008.00,39869.00,50699.00
QLD,4871,5849.00,31730.00,39590.00
QLD,4872,2343.00,30208.00,39627.00
QLD,4873,3554.00,36222.00,43360.00
QLD,4874,2577.00,66384.00,72363.00
QLD,4875,2709.00,39144.00,47867.00
QLD,4876,801.00,36162.00,42428.00
QLD,4877,3457.00,34110.00,41540.00
QLD,4878,7438.00,41425.00,50705.00
QLD,4879,11503.00,41929.00,53576.00
QLD,4880,6737.00,35938.00,43027.00
QLD,4881,2361.00,35272.00,44617.00
QLD,4882,1648.00,35120.00,44328.00
QLD,4883,4374.00,34603.00,42432.00
QLD,4884,1144.00,34174.00,45481.00
QLD,4885,2278.00,32280.00,43662.00
QLD,4886,445.00,26499.00,37798.00
QLD,4887,881.00,33258.00,40746.00
QLD,4888,1199.00,30407.00,39329.00
QLD,4890,625.00,45237.00,51163.00
QLD,4891,343.00,38725.00,46521.00
QLD,4895,1892.00,35850.00,43465.00
SA ,5000,7662.00,42469.00,60164.00
SA ,5006,4299.00,51362.00,86348.00
SA ,5007,3707.00,44992.00,51539.00
SA ,5008,6779.00,40323.00,46295.00
SA ,5009,2817.00,41268.00,47128.00
SA ,5010,2528.00,38305.00,42708.00
SA ,5011,5999.00,43363.00,49908.00
SA ,5012,4866.00,36454.00,40925.00
SA ,5013,4708.00,40581.00,45204.00
SA ,5014,6214.00,42227.00,46949.00
SA ,5015,3442.00,44264.00,49772.00
SA ,5016,4863.00,45650.00,53934.00
SA ,5017,2266.00,41517.00,46865.00
SA ,5018,3589.00,44836.00,53813.00
SA ,5019,5012.00,44816.00,54096.00
SA ,5020,1901.00,43914.00,56195.00
SA ,5021,3901.00,41752.00,57130.00
SA ,5022,9701.00,45909.00,63988.00
SA ,5023,8392.00,39392.00,44632.00
SA ,5024,8412.00,42083.00,54456.00
SA ,5025,4761.00,41337.00,50012.00
SA ,5031,5460.00,43931.00,51859.00
SA ,5032,7450.00,42221.00,52740.00
SA ,5033,4503.00,41050.00,46487.00
SA ,5034,6366.00,48553.00,68581.00
SA ,5035,3609.00,43292.00,52563.00
SA ,5037,5781.00,42104.00,48400.00
SA ,5038,8920.00,40923.00,47389.00
SA ,5039,4860.00,41356.00,48658.00
SA ,5040,1371.00,41763.00,59992.00
SA ,5041,8046.00,46092.00,58758.00
SA ,5042,5721.00,37167.00,45445.00
SA ,5043,9263.00,40347.00,45870.00
SA ,5044,6639.00,46325.00,61279.00
SA ,5045,10394.00,45068.00,63539.00
SA ,5046,4948.00,40891.00,47675.00
SA ,5047,4242.00,39762.00,46087.00
SA ,5048,8457.00,43853.00,56663.00
SA ,5049,6199.00,43332.00,56175.00
SA ,5050,3418.00,42212.00,54205.00
SA ,5051,8960.00,45849.00,55794.00
SA ,5052,4154.00,45970.00,59113.00
SA ,5061,6709.00,50566.00,89739.00
SA ,5062,9856.00,47964.00,73334.00
SA ,5063,7548.00,47558.00,66690.00
SA ,5064,6379.00,48791.00,77502.00
SA ,5065,6568.00,47542.00,79373.00
SA ,5066,7975.00,51170.00,83056.00
SA ,5067,6641.00,48293.00,67890.00
SA ,5068,7606.00,46449.00,71883.00
SA ,5069,5295.00,49436.00,80523.00
SA ,5070,8101.00,42496.00,53684.00
SA ,5072,7501.00,44791.00,59005.00
SA ,5073,8626.00,41671.00,51933.00
SA ,5074,6892.00,39698.00,45965.00
SA ,5075,5995.00,40992.00,49627.00
SA ,5076,5871.00,42346.00,51132.00
SA ,5081,5792.00,51220.00,93073.00
SA ,5082,8829.00,45828.00,59153.00
SA ,5083,4321.00,44856.00,52403.00
SA ,5084,4230.00,36274.00,40315.00
SA ,5085,9072.00,43145.00,49327.00
SA ,5086,8346.00,41983.00,46936.00
SA ,5087,5845.00,41064.00,47011.00
SA ,5088,1807.00,39860.00,43486.00
SA ,5089,4196.00,44032.00,52481.00
SA ,5090,4180.00,40301.00,44119.00
SA ,5091,4448.00,42459.00,49763.00
SA ,5092,9659.00,41824.00,46363.00
SA ,5093,4687.00,40586.00,44317.00
SA ,5094,476.00,38432.00,45680.00
SA ,5095,11007.00,44215.00,50741.00
SA ,5096,7599.00,40510.00,45099.00
SA ,5097,7949.00,42624.00,48248.00
SA ,5098,6087.00,40706.00,45629.00
SA ,5107,7885.00,39181.00,42473.00
SA ,5108,18146.00,39760.00,42297.00
SA ,5109,10519.00,41305.00,45661.00
SA ,5110,3955.00,41737.00,44544.00
SA ,5112,7428.00,38718.00,42237.00
SA ,5113,5983.00,36108.00,38095.00
SA ,5114,16473.00,41823.00,46003.00
SA ,5115,4207.00,41217.00,43689.00
SA ,5116,4102.00,41077.00,46764.00
SA ,5117,1594.00,44278.00,49305.00
SA ,5118,10183.00,43290.00,50507.00
SA ,5120,1346.00,38076.00,43844.00
SA ,5121,582.00,34781.00,39628.00
SA ,5125,11322.00,46957.00,54617.00
SA ,5126,4334.00,43383.00,48521.00
SA ,5127,4855.00,44592.00,51352.00
SA ,5131,664.00,42445.00,51932.00
SA ,5132,260.00,45023.00,64541.00
SA ,5133,299.00,43959.00,55652.00
SA ,5134,223.00,41015.00,55410.00
SA ,5136,297.00,44230.00,63974.00
SA ,5137,360.00,43255.00,59545.00
SA ,5140,265.00,48333.00,63839.00
SA ,5141,458.00,39634.00,56439.00
SA ,5142,467.00,41086.00,60175.00
SA ,5144,223.00,41366.00,59761.00
SA ,5151,259.00,47319.00,66040.00
SA ,5152,4306.00,48500.00,72460.00
SA ,5153,3886.00,41426.00,59955.00
SA ,5154,2327.00,47280.00,71444.00
SA ,5155,2405.00,45136.00,55612.00
SA ,5156,626.00,47887.00,58832.00
SA ,5157,1882.00,39532.00,52233.00
SA ,5158,15293.00,43522.00,49059.00
SA ,5159,20565.00,42617.00,50243.00
SA ,5161,5524.00,41131.00,44107.00
SA ,5162,18104.00,39818.00,43850.00
SA ,5163,6700.00,38140.00,42529.00
SA ,5164,1886.00,37740.00,39427.00
SA ,5165,2557.00,36749.00,42460.00
SA ,5166,871.00,37407.00,42248.00
SA ,5167,3172.00,40372.00,46903.00
SA ,5168,2754.00,39315.00,43551.00
SA ,5169,8271.00,39845.00,45530.00
SA ,5170,654.00,38573.00,44245.00
SA ,5171,3659.00,39086.00,48125.00
SA ,5172,2534.00,38775.00,48096.00
SA ,5173,6258.00,37802.00,43982.00
SA ,5174,1366.00,37571.00,44191.00
SA ,5201,1140.00,37581.00,48379.00
SA ,5202,472.00,36821.00,42448.00
SA ,5203,681.00,33140.00,39294.00
SA ,5204,1317.00,30186.00,40107.00
SA ,5210,1094.00,37848.00,45255.00
SA ,5211,7574.00,31399.00,40045.00
SA ,5212,1087.00,30179.00,37580.00
SA ,5213,665.00,36064.00,46495.00
SA ,5214,3865.00,31256.00,39303.00
SA ,5220,247.00,26954.00,31384.00
SA ,5222,403.00,32321.00,41916.00
SA ,5223,2036.00,32808.00,37872.00
SA ,5231,690.00,43133.00,60920.00
SA ,5232,256.00,37770.00,54052.00
SA ,5233,860.00,40224.00,49319.00
SA ,5234,883.00,41748.00,48012.00
SA ,5235,1303.00,34675.00,44531.00
SA ,5238,1927.00,31220.00,37581.00
SA ,5240,317.00,41320.00,50554.00
SA ,5241,1480.00,39987.00,46709.00
SA ,5242,1004.00,43401.00,59427.00
SA ,5243,568.00,42891.00,91735.00
SA ,5244,2418.00,41285.00,49734.00
SA ,5245,1989.00,41901.00,57124.00
SA ,5250,2029.00,44831.00,54667.00
SA ,5251,7839.00,41851.00,50610.00
SA ,5252,3476.00,42319.00,48299.00
SA ,5253,9217.00,35722.00,39778.00
SA ,5254,1120.00,35762.00,40452.00
SA ,5255,4951.00,37940.00,44105.00
SA ,5256,593.00,32246.00,38510.00
SA ,5259,414.00,34297.00,40320.00
SA ,5260,920.00,33290.00,37578.00
SA ,5261,250.00,33257.00,40247.00
SA ,5262,327.00,33067.00,37501.00
SA ,5264,751.00,33414.00,40335.00
SA ,5265,206.00,33991.00,38810.00
SA ,5266,425.00,33427.00,38182.00
SA ,5267,1250.00,37511.00,40411.00
SA ,5268,2455.00,36049.00,40151.00
SA ,5270,391.00,35604.00,39883.00
SA ,5271,4865.00,36484.00,42853.00
SA ,5272,563.00,34722.00,45203.00
SA ,5275,1338.00,35956.00,42622.00
SA ,5276,838.00,31386.00,41286.00
SA ,5277,1615.00,37729.00,42545.00
SA ,5278,332.00,33942.00,45914.00
SA ,5280,4023.00,37224.00,46189.00
SA ,5290,15141.00,39803.00,49639.00
SA ,5291,3512.00,40031.00,60059.00
SA ,5301,305.00,23606.00,30620.00
SA ,5302,532.00,32694.00,39101.00
SA ,5304,551.00,32206.00,36736.00
SA ,5307,353.00,27190.00,31566.00
SA ,5320,265.00,32582.00,39990.00
SA ,5322,243.00,32281.00,39609.00
SA ,5330,2135.00,35882.00,40778.00
SA ,5332,223.00,32980.00,44029.00
SA ,5333,3443.00,35741.00,41781.00
SA ,5340,787.00,34357.00,36213.00
SA ,5341,4375.00,33849.00,38723.00
SA ,5342,510.00,35643.00,40679.00
SA ,5343,2950.00,36591.00,43418.00
SA ,5344,372.00,33548.00,38413.00
SA ,5345,1851.00,37093.00,41829.00
SA ,5351,3324.00,41848.00,49473.00
SA ,5352,3143.00,43675.00,52550.00
SA ,5353,2178.00,37441.00,48627.00
SA ,5355,4199.00,41576.00,47081.00
SA ,5356,457.00,39292.00,40495.00
SA ,5360,746.00,42548.00,49183.00
SA ,5371,829.00,40752.00,47163.00
SA ,5372,1146.00,42166.00,47525.00
SA ,5373,1826.00,38128.00,47923.00
SA ,5374,776.00,31487.00,37797.00
SA ,5381,204.00,27043.00,36523.00
SA ,5400,423.00,41338.00,48620.00
SA ,5401,437.00,39578.00,43614.00
SA ,5412,608.00,38030.00,45211.00
SA ,5413,493.00,32507.00,43037.00
SA ,5417,783.00,35157.00,42188.00
SA ,5422,639.00,35248.00,40559.00
SA ,5431,525.00,30943.00,38524.00
SA ,5433,701.00,40702.00,51249.00
SA ,5434,240.00,36136.00,41171.00
SA ,5451,418.00,37974.00,43800.00
SA ,5452,267.00,37419.00,43399.00
SA ,5453,3030.00,38935.00,48286.00
SA ,5454,224.00,35824.00,40276.00
SA ,5460,387.00,35172.00,44544.00
SA ,5461,1368.00,37875.00,45479.00
SA ,5462,297.00,36867.00,50598.00
SA ,5464,275.00,38962.00,45770.00
SA ,5473,357.00,35061.00,44159.00
SA ,5480,477.00,35329.00,44672.00
SA ,5481,333.00,27117.00,35177.00
SA ,5482,319.00,32541.00,39134.00
SA ,5485,315.00,41187.00,52044.00
SA ,5491,1070.00,39220.00,48319.00
SA ,5501,3851.00,41535.00,47350.00
SA ,5502,832.00,41935.00,50837.00
SA ,5520,286.00,36230.00,44388.00
SA ,5522,669.00,36734.00,47958.00
SA ,5523,970.00,40754.00,50780.00
SA ,5540,6961.00,38937.00,47327.00
SA ,5550,466.00,37656.00,40683.00
SA ,5554,2768.00,39685.00,48746.00
SA ,5555,365.00,40912.00,48685.00
SA ,5556,1699.00,34628.00,41407.00
SA ,5558,2103.00,35831.00,44073.00
SA ,5560,248.00,39533.00,57771.00
SA ,5571,901.00,35421.00,45688.00
SA ,5573,1091.00,37577.00,47017.00
SA ,5575,1188.00,33278.00,40356.00
SA ,5576,612.00,33594.00,43613.00
SA ,5577,334.00,28098.00,33059.00
SA ,5581,271.00,29791.00,44717.00
SA ,5582,312.00,35552.00,43701.00
SA ,5583,391.00,32344.00,39413.00
SA ,5600,3721.00,53473.00,63856.00
SA ,5602,717.00,39357.00,52032.00
SA ,5603,241.00,36911.00,41621.00
SA ,5605,1034.00,35364.00,45124.00
SA ,5606,8742.00,40251.00,50152.00
SA ,5607,1690.00,35108.00,42949.00
SA ,5608,6120.00,45563.00,55371.00
SA ,5609,744.00,63737.00,69390.00
SA ,5631,789.00,43225.00,55774.00
SA ,5633,219.00,32155.00,37021.00
SA ,5640,674.00,39933.00,45400.00
SA ,5641,643.00,40284.00,47003.00
SA ,5652,466.00,40643.00,48147.00
SA ,5670,270.00,32719.00,40416.00
SA ,5680,1271.00,36363.00,45508.00
SA ,5690,2214.00,39983.00,47441.00
SA ,5700,5733.00,43368.00,51897.00
SA ,5710,1292.00,47189.00,56911.00
SA ,5722,209.00,44802.00,55498.00
SA ,5723,847.00,39046.00,44546.00
SA ,5725,2616.00,81293.00,89042.00
SA ,5731,330.00,62295.00,68907.00
TAS,7000,8541.00,44271.00,57819.00
TAS,7004,4507.00,42859.00,61228.00
TAS,7005,8129.00,41407.00,67153.00
TAS,7007,1818.00,46460.00,60558.00
TAS,7008,6934.00,44414.00,53617.00
TAS,7009,6335.00,38246.00,43559.00
TAS,7010,7433.00,38582.00,41842.00
TAS,7011,7136.00,39679.00,43150.00
TAS,7012,450.00,44492.00,46478.00
TAS,7015,6041.00,42691.00,49669.00
TAS,7016,942.00,35707.00,38750.00
TAS,7017,3088.00,43039.00,48116.00
TAS,7018,11834.00,42362.00,50164.00
TAS,7019,2340.00,38155.00,41088.00
TAS,7020,1562.00,44368.00,53453.00
TAS,7021,1461.00,42665.00,51381.00
TAS,7022,494.00,40532.00,43576.00
TAS,7024,344.00,44976.00,49804.00
TAS,7025,1110.00,40741.00,49419.00
TAS,7026,512.00,35036.00,39432.00
TAS,7030,7518.00,37945.00,42458.00
TAS,7050,6615.00,41262.00,48440.00
TAS,7052,4058.00,42592.00,52689.00
TAS,7053,2103.00,45374.00,59943.00
TAS,7054,4909.00,42839.00,50036.00
TAS,7055,227.00,41921.00,45667.00
TAS,7109,4527.00,36074.00,43848.00
TAS,7112,1455.00,32779.00,39796.00
TAS,7113,532.00,34777.00,40732.00
TAS,7116,1032.00,33933.00,39135.00
TAS,7117,471.00,36738.00,44481.00
TAS,7120,816.00,32181.00,36250.00
TAS,7140,5092.00,37023.00,41941.00
TAS,7150,1560.00,36796.00,45352.00
TAS,7155,464.00,35423.00,43774.00
TAS,7162,401.00,32091.00,44051.00
TAS,7170,3052.00,44273.00,55790.00
TAS,7171,1695.00,40837.00,44904.00
TAS,7172,1781.00,38266.00,42579.00
TAS,7173,3360.00,37471.00,42539.00
TAS,7177,235.00,31947.00,39340.00
TAS,7179,229.00,27362.00,39180.00
TAS,7184,355.00,28418.00,33614.00
TAS,7190,1560.00,31403.00,38998.00
TAS,7209,223.00,33194.00,45963.00
TAS,7210,479.00,34524.00,40845.00
TAS,7212,1040.00,38206.00,45133.00
TAS,7214,225.00,32312.00,43773.00
TAS,7215,1739.00,30216.00,40462.00
TAS,7216,1525.00,29056.00,36542.00
TAS,7248,6396.00,35236.00,39073.00
TAS,7249,5817.00,39822.00,44799.00
TAS,7250,27894.00,40481.00,50871.00
TAS,7252,1519.00,40791.00,52367.00
TAS,7253,1879.00,36991.00,44984.00
TAS,7254,288.00,36252.00,42606.00
TAS,7255,500.00,33502.00,40515.00
TAS,7256,970.00,37073.00,43914.00
TAS,7258,538.00,42428.00,63940.00
TAS,7259,266.00,37270.00,42926.00
TAS,7260,1617.00,34311.00,39220.00
TAS,7262,944.00,34613.00,42532.00
TAS,7263,291.00,31302.00,40153.00
TAS,7264,268.00,29198.00,37487.00
TAS,7267,461.00,37659.00,42188.00
TAS,7268,569.00,40544.00,46456.00
TAS,7270,1942.00,34568.00,43364.00
TAS,7275,1776.00,35617.00,44003.00
TAS,7276,290.00,36488.00,41827.00
TAS,7277,3022.00,39033.00,47662.00
TAS,7290,1214.00,39972.00,43666.00
TAS,7291,304.00,40643.00,47545.00
TAS,7292,344.00,35067.00,39837.00
TAS,7300,1824.00,40174.00,45876.00
TAS,7301,2312.00,36751.00,44189.00
TAS,7302,901.00,35364.00,41959.00
TAS,7303,1399.00,35732.00,44599.00
TAS,7304,3047.00,32287.00,39501.00
TAS,7305,536.00,35095.00,39803.00
TAS,7306,2017.00,32596.00,40452.00
TAS,7307,5231.00,38083.00,45681.00
TAS,7310,13879.00,36830.00,44523.00
TAS,7315,7535.00,36794.00,43521.00
TAS,7316,3212.00,37956.00,47192.00
TAS,7320,8565.00,39203.00,47318.00
TAS,7321,2177.00,38383.00,46982.00
TAS,7322,1935.00,39480.00,47267.00
TAS,7325,4307.00,36940.00,44646.00
TAS,7330,3654.00,39500.00,43930.00
TAS,7331,349.00,37515.00,45591.00
TAS,7467,858.00,44941.00,54881.00
TAS,7468,405.00,43009.00,51692.00
TAS,7469,361.00,43627.00,55550.00
TAS,7470,373.00,51034.00,66736.00
VIC,3000,18163.00,30160.00,52829.00
VIC,3002,3586.00,59384.00,112768.00
VIC,3003,2947.00,44297.00,57488.00
VIC,3004,6869.00,53004.00,92513.00
VIC,3006,10470.00,49748.00,68055.00
VIC,3008,6016.00,49842.00,68430.00
VIC,3011,11662.00,41236.00,49377.00
VIC,3012,13724.00,43551.00,50989.00
VIC,3013,8565.00,52657.00,64322.00
VIC,3015,9916.00,52652.00,64899.00
VIC,3016,9485.00,52192.00,77373.00
VIC,3018,7273.00,46589.00,55882.00
VIC,3019,3801.00,35321.00,39746.00
VIC,3020,19901.00,36394.00,41065.00
VIC,3021,23309.00,36171.00,39755.00
VIC,3022,1875.00,38759.00,43548.00
VIC,3023,30904.00,42829.00,48526.00
VIC,3024,10804.00,44540.00,48521.00
VIC,3025,5685.00,42346.00,49145.00
VIC,3028,15748.00,42513.00,47393.00
VIC,3029,43713.00,42763.00,47566.00
VIC,3030,50368.00,45100.00,52961.00
VIC,3031,10640.00,49586.00,60648.00
VIC,3032,16429.00,47145.00,61454.00
VIC,3033,7748.00,42893.00,52561.00
VIC,3034,6103.00,42021.00,51844.00
VIC,3036,3932.00,45853.00,60882.00
VIC,3037,25964.00,42853.00,48569.00
VIC,3038,16878.00,42356.00,50181.00
VIC,3039,8685.00,50367.00,67581.00
VIC,3040,16220.00,48404.00,68503.00
VIC,3041,7349.00,47314.00,62468.00
VIC,3042,8850.00,44751.00,53099.00
VIC,3043,9935.00,42430.00,48293.00
VIC,3044,14227.00,44901.00,54411.00
VIC,3046,16440.00,39639.00,46005.00
VIC,3047,6932.00,33705.00,37552.00
VIC,3048,6456.00,33657.00,37288.00
VIC,3049,5253.00,43266.00,50017.00
VIC,3051,7329.00,41356.00,55890.00
VIC,3052,3134.00,40669.00,61180.00
VIC,3053,6804.00,37604.00,55562.00
VIC,3054,5688.00,48259.00,72572.00
VIC,3055,8099.00,44335.00,54937.00
VIC,3056,15109.00,43996.00,54570.00
VIC,3057,6737.00,45193.00,55695.00
VIC,3058,18805.00,42019.00,51503.00
VIC,3059,8166.00,42886.00,54596.00
VIC,3060,5774.00,35533.00,42090.00
VIC,3061,2111.00,34343.00,43241.00
VIC,3063,389.00,44088.00,56470.00
VIC,3064,31295.00,40936.00,45187.00
VIC,3065,6473.00,46495.00,68323.00
VIC,3066,4189.00,46481.00,60821.00
VIC,3067,4742.00,47478.00,60393.00
VIC,3068,11756.00,51245.00,73350.00
VIC,3070,14487.00,48540.00,63547.00
VIC,3071,10452.00,44705.00,55949.00
VIC,3072,17521.00,41176.00,49543.00
VIC,3073,24190.00,39221.00,45433.00
VIC,3074,9286.00,36708.00,40966.00
VIC,3075,9428.00,37001.00,40947.00
VIC,3076,15741.00,40204.00,44523.00
VIC,3078,6773.00,49347.00,69705.00
VIC,3079,10030.00,50879.00,79123.00
VIC,3081,6370.00,38466.00,45727.00
VIC,3082,17164.00,40970.00,46518.00
VIC,3083,16153.00,38382.00,46188.00
VIC,3084,15393.00,45721.00,63114.00
VIC,3085,7910.00,45597.00,56669.00
VIC,3087,4972.00,44630.00,51543.00
VIC,3088,16395.00,44021.00,53317.00
VIC,3089,7292.00,45356.00,56994.00
VIC,3090,1476.00,49118.00,75382.00
VIC,3091,1087.00,42437.00,76640.00
VIC,3093,2431.00,46852.00,73699.00
VIC,3094,5381.00,44899.00,54031.00
VIC,3095,18168.00,45742.00,61909.00
VIC,3096,1145.00,41246.00,54777.00
VIC,3097,935.00,41381.00,67869.00
VIC,3099,2965.00,41071.00,54249.00
VIC,3101,16065.00,51503.00,98551.00
VIC,3102,4116.00,49231.00,75491.00
VIC,3103,10112.00,44265.00,82832.00
VIC,3104,12969.00,43566.00,68773.00
VIC,3105,6444.00,40749.00,56429.00
VIC,3106,10896.00,41860.00,68564.00
VIC,3107,7922.00,39721.00,54901.00
VIC,3108,12350.00,36727.00,51015.00
VIC,3109,16488.00,37989.00,51571.00
VIC,3111,7453.00,42141.00,64440.00
VIC,3113,5407.00,45985.00,67561.00
VIC,3114,2471.00,46727.00,85451.00
VIC,3115,2637.00,46058.00,76217.00
VIC,3116,5813.00,40476.00,50271.00
VIC,3121,19962.00,53886.00,73256.00
VIC,3122,15375.00,52444.00,94763.00
VIC,3123,8687.00,52344.00,91544.00
VIC,3124,14702.00,49403.00,88645.00
VIC,3125,7385.00,37638.00,53207.00
VIC,3126,5546.00,54392.00,122004.00
VIC,3127,12090.00,49384.00,80743.00
VIC,3128,10981.00,36062.00,50882.00
VIC,3129,9512.00,41362.00,56611.00
VIC,3130,18682.00,42518.00,57326.00
VIC,3131,12367.00,40970.00,50410.00
VIC,3132,9619.00,44005.00,54543.00
VIC,3133,13406.00,40084.00,53719.00
VIC,3134,19227.00,42630.00,54501.00
VIC,3135,11209.00,43197.00,51813.00
VIC,3136,24931.00,42179.00,50721.00
VIC,3137,7731.00,41100.00,48406.00
VIC,3138,12355.00,42106.00,48455.00
VIC,3139,8103.00,39076.00,46675.00
VIC,3140,9690.00,41507.00,50483.00
VIC,3141,16455.00,53088.00,98607.00
VIC,3142,10254.00,62499.00,167407.00
VIC,3143,6191.00,55554.00,100983.00
VIC,3144,7781.00,57181.00,120285.00
VIC,3145,13395.00,49583.00,85003.00
VIC,3146,15854.00,53193.00,86556.00
VIC,3147,8339.00,46230.00,70034.00
VIC,3148,5139.00,40602.00,54810.00
VIC,3149,20343.00,40174.00,55977.00
VIC,3150,36254.00,38762.00,54446.00
VIC,3151,5917.00,36595.00,46733.00
VIC,3152,19893.00,40884.00,50968.00
VIC,3153,11480.00,41925.00,47094.00
VIC,3154,2650.00,42046.00,49025.00
VIC,3155,12570.00,41558.00,46960.00
VIC,3156,22042.00,43052.00,51705.00
VIC,3158,4228.00,42384.00,49672.00
VIC,3159,1498.00,41213.00,50901.00
VIC,3160,5332.00,41266.00,54565.00
VIC,3161,9872.00,51834.00,85289.00
VIC,3162,11399.00,47601.00,72740.00
VIC,3163,19007.00,45607.00,57912.00
VIC,3165,15340.00,44731.00,56532.00
VIC,3166,13108.00,43805.00,53097.00
VIC,3167,5287.00,41515.00,49621.00
VIC,3168,9305.00,35151.00,41922.00
VIC,3169,10314.00,37936.00,42707.00
VIC,3170,11055.00,41108.00,50654.00
VIC,3171,10146.00,32509.00,36283.00
VIC,3172,12305.00,38300.00,45772.00
VIC,3173,12234.00,40408.00,46376.00
VIC,3174,17892.00,37158.00,40238.00
VIC,3175,24269.00,35562.00,40574.00
VIC,3177,4424.00,36424.00,38530.00
VIC,3178,20771.00,43639.00,52449.00
VIC,3179,3478.00,41122.00,49072.00
VIC,3180,4313.00,41692.00,47561.00
VIC,3181,13185.00,50735.00,69528.00
VIC,3182,16061.00,47343.00,66375.00
VIC,3183,11826.00,46998.00,61835.00
VIC,3184,10420.00,54896.00,75979.00
VIC,3185,8204.00,50056.00,77018.00
VIC,3186,15990.00,57339.00,121625.00
VIC,3187,9745.00,48443.00,81391.00
VIC,3188,10452.00,49493.00,87966.00
VIC,3189,3699.00,42143.00,53358.00
VIC,3190,5998.00,47000.00,60292.00
VIC,3191,6037.00,53000.00,90148.00
VIC,3192,12609.00,43114.00,55385.00
VIC,3193,12813.00,47353.00,80738.00
VIC,3194,8561.00,44620.00,58820.00
VIC,3195,20819.00,46597.00,59214.00
VIC,3196,14078.00,44767.00,52434.00
VIC,3197,7014.00,44975.00,58104.00
VIC,3198,8847.00,41514.00,46761.00
VIC,3199,29237.00,39233.00,47706.00
VIC,3200,2037.00,36738.00,39595.00
VIC,3201,10925.00,41670.00,45286.00
VIC,3202,1591.00,44863.00,56646.00
VIC,3204,17747.00,45942.00,63919.00
VIC,3205,7177.00,54690.00,81888.00
VIC,3206,6939.00,61289.00,128224.00
VIC,3207,10775.00,61485.00,90962.00
VIC,3211,767.00,42961.00,55399.00
VIC,3212,8691.00,42683.00,51654.00
VIC,3214,9231.00,36318.00,40688.00
VIC,3215,10689.00,39062.00,47861.00
VIC,3216,32072.00,39778.00,50369.00
VIC,3218,7528.00,42618.00,52528.00
VIC,3219,10212.00,38992.00,45420.00
VIC,3220,10773.00,43502.00,65129.00
VIC,3221,3040.00,40889.00,57528.00
VIC,3222,7514.00,37210.00,50642.00
VIC,3223,3412.00,31974.00,43142.00
VIC,3224,7121.00,40258.00,47720.00
VIC,3225,2603.00,35273.00,55985.00
VIC,3226,8147.00,39063.00,49894.00
VIC,3227,2873.00,41396.00,60505.00
VIC,3228,10473.00,41465.00,58472.00
VIC,3230,1585.00,33527.00,45260.00
VIC,3231,780.00,34357.00,51485.00
VIC,3232,811.00,32369.00,46080.00
VIC,3233,1327.00,29368.00,36263.00
VIC,3239,257.00,32339.00,41803.00
VIC,3240,1272.00,36673.00,47443.00
VIC,3241,1426.00,34245.00,40762.00
VIC,3242,565.00,31200.00,38076.00
VIC,3249,2231.00,33940.00,40193.00
VIC,3250,6537.00,37297.00,42911.00
VIC,3251,310.00,31405.00,37659.00
VIC,3260,2700.00,34463.00,41055.00
VIC,3264,1425.00,37056.00,45264.00
VIC,3265,1356.00,39232.00,48488.00
VIC,3266,1711.00,36876.00,42946.00
VIC,3268,1808.00,35382.00,49292.00
VIC,3269,435.00,35874.00,52362.00
VIC,3272,854.00,31968.00,37604.00
VIC,3276,300.00,31748.00,37320.00
VIC,3277,1129.00,40134.00,60572.00
VIC,3280,17946.00,37485.00,46545.00
VIC,3281,997.00,36850.00,44795.00
VIC,3282,1561.00,38015.00,42514.00
VIC,3283,623.00,37515.00,45209.00
VIC,3284,2006.00,35210.00,47054.00
VIC,3285,679.00,33857.00,44183.00
VIC,3286,363.00,32263.00,39000.00
VIC,3287,266.00,28654.00,32800.00
VIC,3289,474.00,33488.00,37770.00
VIC,3293,221.00,30998.00,34412.00
VIC,3294,620.00,28003.00,34443.00
VIC,3300,5982.00,34940.00,41904.00
VIC,3301,733.00,32066.00,37226.00
VIC,3302,242.00,33361.00,39805.00
VIC,3304,1474.00,35571.00,41460.00
VIC,3305,7009.00,38653.00,49396.00
VIC,3311,974.00,31298.00,35502.00
VIC,3312,504.00,26672.00,31033.00
VIC,3314,354.00,28915.00,37744.00
VIC,3315,963.00,32969.00,37589.00
VIC,3318,742.00,30739.00,36314.00
VIC,3319,231.00,32262.00,36380.00
VIC,3321,840.00,39536.00,49298.00
VIC,3324,299.00,33031.00,40769.00
VIC,3325,288.00,33006.00,40366.00
VIC,3328,954.00,41927.00,47469.00
VIC,3331,3043.00,42106.00,50316.00
VIC,3332,586.00,40798.00,46497.00
VIC,3333,476.00,35903.00,44424.00
VIC,3334,309.00,35705.00,43599.00
VIC,3335,1738.00,45010.00,48494.00
VIC,3337,17705.00,41133.00,46480.00
VIC,3338,9608.00,42456.00,47540.00
VIC,3340,11041.00,43119.00,51060.00
VIC,3341,878.00,43071.00,54095.00
VIC,3342,1795.00,39999.00,47376.00
VIC,3345,702.00,41339.00,51125.00
VIC,3350,31735.00,39727.00,50247.00
VIC,3351,4386.00,36672.00,42872.00
VIC,3352,8772.00,38875.00,47004.00
VIC,3355,5754.00,36228.00,43114.00
VIC,3356,7283.00,36780.00,39989.00
VIC,3357,2221.00,42102.00,53013.00
VIC,3360,361.00,33868.00,40113.00
VIC,3361,352.00,31616.00,35684.00
VIC,3363,1784.00,36092.00,42934.00
VIC,3364,1124.00,33730.00,43087.00
VIC,3370,784.00,31418.00,36791.00
VIC,3371,469.00,33469.00,38649.00
VIC,3373,1121.00,29700.00,35643.00
VIC,3377,4838.00,36637.00,41263.00
VIC,3379,384.00,35404.00,50160.00
VIC,3380,3450.00,37100.00,43070.00
VIC,3381,578.00,31629.00,40335.00
VIC,3388,373.00,39345.00,52852.00
VIC,3390,519.00,38605.00,46275.00
VIC,3392,305.00,39306.00,46671.00
VIC,3393,1487.00,37655.00,47453.00
VIC,3395,275.00,40755.00,48200.00
VIC,3396,406.00,32614.00,42740.00
VIC,3400,8180.00,37474.00,44273.00
VIC,3401,2551.00,36756.00,45912.00
VIC,3407,286.00,31144.00,36873.00
VIC,3409,640.00,36879.00,46084.00
VIC,3414,891.00,39427.00,46439.00
VIC,3418,1718.00,35994.00,44139.00
VIC,3419,586.00,38119.00,45781.00
VIC,3423,202.00,36379.00,40731.00
VIC,3424,435.00,36445.00,44763.00
VIC,3427,1289.00,42014.00,51258.00
VIC,3428,416.00,39025.00,52350.00
VIC,3429,20455.00,44006.00,51616.00
VIC,3431,2399.00,42640.00,52284.00
VIC,3434,2777.00,42044.00,52768.00
VIC,3435,1566.00,39812.00,50480.00
VIC,3437,5944.00,44552.00,58519.00
VIC,3438,1279.00,43016.00,58216.00
VIC,3440,1198.00,44290.00,63791.00
VIC,3441,848.00,47210.00,77462.00
VIC,3442,4200.00,42895.00,58926.00
VIC,3444,5129.00,37346.00,49176.00
VIC,3446,534.00,33693.00,40364.00
VIC,3447,260.00,34468.00,41778.00
VIC,3448,501.00,32399.00,43342.00
VIC,3450,4012.00,35417.00,42649.00
VIC,3451,2269.00,35797.00,42166.00
VIC,3453,965.00,37017.00,45773.00
VIC,3458,1061.00,34387.00,45745.00
VIC,3460,1583.00,33161.00,44670.00
VIC,3461,2069.00,31616.00,41262.00
VIC,3462,636.00,29478.00,36844.00
VIC,3463,1258.00,32037.00,38635.00
VIC,3464,560.00,35640.00,39348.00
VIC,3465,4251.00,33029.00,37519.00
VIC,3467,597.00,29493.00,36429.00
VIC,3472,576.00,27866.00,33114.00
VIC,3478,1439.00,32857.00,37791.00
VIC,3480,1066.00,32452.00,39882.00
VIC,3483,556.00,33712.00,39101.00
VIC,3490,733.00,29998.00,36511.00
VIC,3494,324.00,30812.00,33173.00
VIC,3496,3411.00,34544.00,38070.00
VIC,3498,2481.00,37238.00,44022.00
VIC,3500,14866.00,36855.00,43326.00
VIC,3501,2156.00,37627.00,44635.00
VIC,3505,2383.00,34466.00,39184.00
VIC,3512,214.00,33602.00,37170.00
VIC,3515,930.00,37975.00,43592.00
VIC,3516,368.00,32636.00,38535.00
VIC,3517,643.00,32266.00,36292.00
VIC,3518,615.00,29192.00,36918.00
VIC,3521,317.00,38009.00,42725.00
VIC,3523,1514.00,31915.00,40279.00
VIC,3525,771.00,29594.00,34613.00
VIC,3527,427.00,30455.00,36346.00
VIC,3533,425.00,35026.00,41814.00
VIC,3537,616.00,34893.00,39206.00
VIC,3546,281.00,32900.00,39409.00
VIC,3549,2052.00,31651.00,38596.00
VIC,3550,21569.00,38200.00,47588.00
VIC,3551,15977.00,41236.00,49646.00
VIC,3555,9893.00,37731.00,42220.00
VIC,3556,6068.00,36239.00,40716.00
VIC,3557,386.00,37749.00,43618.00
VIC,3558,490.00,31593.00,39180.00
VIC,3559,294.00,26944.00,35321.00
VIC,3561,2488.00,35003.00,42500.00
VIC,3563,441.00,32748.00,38115.00
VIC,3564,9206.00,36897.00,44463.00
VIC,3566,296.00,36548.00,41022.00
VIC,3567,388.00,34762.00,38594.00
VIC,3568,1544.00,35419.00,41445.00
VIC,3570,383.00,35663.00,41650.00
VIC,3573,206.00,29949.00,35692.00
VIC,3575,455.00,29504.00,34838.00
VIC,3579,2925.00,31692.00,36388.00
VIC,3580,515.00,33388.00,35651.00
VIC,3584,570.00,33436.00,38148.00
VIC,3585,6833.00,37543.00,44874.00
VIC,3590,204.00,30305.00,36898.00
VIC,3594,326.00,28682.00,33895.00
VIC,3595,307.00,32150.00,34349.00
VIC,3597,251.00,39295.00,43236.00
VIC,3608,1273.00,35764.00,42323.00
VIC,3610,783.00,31262.00,37536.00
VIC,3612,797.00,32050.00,38118.00
VIC,3614,553.00,39573.00,46758.00
VIC,3616,2993.00,36097.00,43722.00
VIC,3618,405.00,30726.00,34686.00
VIC,3620,4272.00,34414.00,40345.00
VIC,3621,1240.00,33460.00,37345.00
VIC,3622,213.00,34543.00,39985.00
VIC,3623,549.00,30563.00,35935.00
VIC,3624,276.00,30235.00,34008.00
VIC,3629,4785.00,36033.00,38707.00
VIC,3630,16368.00,36037.00,43330.00
VIC,3631,6192.00,38054.00,47826.00
VIC,3633,424.00,33782.00,39828.00
VIC,3634,1162.00,35261.00,39390.00
VIC,3635,284.00,31507.00,35224.00
VIC,3636,2855.00,35339.00,39351.00
VIC,3637,292.00,30851.00,34235.00
VIC,3638,1110.00,33568.00,40107.00
VIC,3639,315.00,30839.00,34869.00
VIC,3640,577.00,30669.00,37376.00
VIC,3641,638.00,36483.00,40206.00
VIC,3644,4745.00,35546.00,41671.00
VIC,3646,341.00,33400.00,38590.00
VIC,3649,253.00,29030.00,35892.00
VIC,3658,3128.00,39046.00,45660.00
VIC,3659,363.00,37355.00,59848.00
VIC,3660,3701.00,37028.00,43679.00
VIC,3662,512.00,62836.00,58281.00
VIC,3664,593.00,35310.00,42606.00
VIC,3665,200.00,31255.00,38781.00
VIC,3666,2561.00,32836.00,39015.00
VIC,3669,727.00,31507.00,37657.00
VIC,3670,339.00,31882.00,39063.00
VIC,3672,5357.00,35503.00,41523.00
VIC,3673,1058.00,31817.00,38748.00
VIC,3675,1125.00,34173.00,40143.00
VIC,3677,9581.00,37883.00,44327.00
VIC,3678,3784.00,36266.00,44730.00
VIC,3682,339.00,37623.00,43792.00
VIC,3683,976.00,39821.00,43156.00
VIC,3685,1628.00,37950.00,44432.00
VIC,3687,606.00,40460.00,48537.00
VIC,3688,777.00,41484.00,47186.00
VIC,3690,17847.00,41454.00,47223.00
VIC,3691,5118.00,42492.00,49831.00
VIC,3695,311.00,30098.00,39395.00
VIC,3697,307.00,32170.00,41285.00
VIC,3698,480.00,34788.00,43190.00
VIC,3699,649.00,29646.00,35653.00
VIC,3700,827.00,35844.00,40323.00
VIC,3701,598.00,32672.00,41824.00
VIC,3707,1013.00,33255.00,39501.00
VIC,3711,273.00,31015.00,38799.00
VIC,3712,201.00,31884.00,39503.00
VIC,3713,439.00,29671.00,35101.00
VIC,3714,1975.00,33380.00,40090.00
VIC,3717,1565.00,30981.00,40609.00
VIC,3719,234.00,25655.00,33915.00
VIC,3720,313.00,29422.00,37877.00
VIC,3722,2882.00,33126.00,41090.00
VIC,3723,1414.00,28078.00,36140.00
VIC,3725,345.00,31153.00,41359.00
VIC,3726,217.00,30414.00,36538.00
VIC,3728,317.00,34872.00,38321.00
VIC,3730,4435.00,35534.00,44277.00
VIC,3732,359.00,28563.00,36600.00
VIC,3735,436.00,31164.00,38198.00
VIC,3737,2461.00,34850.00,40641.00
VIC,3740,562.00,35845.00,40545.00
VIC,3741,1832.00,31543.00,39827.00
VIC,3744,239.00,26463.00,37298.00
VIC,3746,209.00,35606.00,42029.00
VIC,3747,2554.00,36329.00,44417.00
VIC,3749,1129.00,38448.00,49077.00
VIC,3750,2723.00,45598.00,48573.00
VIC,3752,12579.00,43460.00,49310.00
VIC,3753,925.00,44287.00,51101.00
VIC,3754,16274.00,46853.00,52563.00
VIC,3756,5892.00,43918.00,49756.00
VIC,3757,4657.00,40391.00,49532.00
VIC,3758,1289.00,41858.00,47766.00
VIC,3759,663.00,41616.00,56916.00
VIC,3760,263.00,40419.00,51345.00
VIC,3761,677.00,40364.00,52490.00
VIC,3763,911.00,40042.00,45173.00
VIC,3764,4337.00,40822.00,48906.00
VIC,3765,4036.00,41518.00,53208.00
VIC,3766,783.00,42970.00,52380.00
VIC,3767,665.00,37500.00,49207.00
VIC,3770,1866.00,42094.00,60594.00
VIC,3775,2311.00,38708.00,50606.00
VIC,3777,5725.00,37405.00,45407.00
VIC,3779,214.00,25365.00,31372.00
VIC,3781,2378.00,41801.00,48575.00
VIC,3782,4756.00,40270.00,51883.00
VIC,3783,1261.00,39638.00,48139.00
VIC,3786,917.00,44102.00,57525.00
VIC,3787,641.00,44193.00,54285.00
VIC,3788,1095.00,42266.00,56726.00
VIC,3791,902.00,39620.00,51968.00
VIC,3792,686.00,40022.00,50592.00
VIC,3793,2036.00,37573.00,44544.00
VIC,3795,881.00,36640.00,47229.00
VIC,3796,5461.00,41341.00,47557.00
VIC,3797,1759.00,36506.00,43211.00
VIC,3799,2858.00,35271.00,39934.00
VIC,3802,13362.00,39966.00,45234.00
VIC,3803,5444.00,38661.00,43107.00
VIC,3804,4841.00,42127.00,60164.00
VIC,3805,29357.00,41553.00,46935.00
VIC,3806,26626.00,43963.00,55474.00
VIC,3807,4209.00,44675.00,57251.00
VIC,3808,1938.00,45263.00,63278.00
VIC,3809,2465.00,45711.00,52576.00
VIC,3810,22558.00,41843.00,46562.00
VIC,3812,1454.00,38520.00,48697.00
VIC,3813,509.00,36848.00,44992.00
VIC,3814,1253.00,37587.00,43930.00
VIC,3815,1575.00,37678.00,46689.00
VIC,3816,1372.00,36994.00,44120.00
VIC,3818,6869.00,36858.00,43537.00
VIC,3820,8798.00,37346.00,47624.00
VIC,3821,1583.00,34806.00,45496.00
VIC,3822,550.00,36557.00,46596.00
VIC,3823,1037.00,36567.00,47246.00
VIC,3824,2663.00,39762.00,50399.00
VIC,3825,9762.00,37585.00,48906.00
VIC,3831,915.00,35847.00,45892.00
VIC,3835,348.00,36901.00,47029.00
VIC,3840,7721.00,38233.00,48898.00
VIC,3842,2218.00,38906.00,49495.00
VIC,3844,15837.00,43081.00,56220.00
VIC,3847,1080.00,37290.00,45423.00
VIC,3850,7975.00,39573.00,53818.00
VIC,3851,2233.00,35914.00,51063.00
VIC,3854,858.00,44178.00,62037.00
VIC,3856,551.00,40973.00,57023.00
VIC,3857,220.00,31897.00,41178.00
VIC,3858,1635.00,35713.00,43822.00
VIC,3859,438.00,35813.00,45642.00
VIC,3860,3964.00,36546.00,46866.00
VIC,3862,1721.00,36026.00,45851.00
VIC,3865,295.00,38071.00,41132.00
VIC,3869,1019.00,40634.00,55315.00
VIC,3870,684.00,36624.00,45791.00
VIC,3871,1537.00,34023.00,44397.00
VIC,3873,214.00,32747.00,45310.00
VIC,3874,323.00,31930.00,115980.00
VIC,3875,9710.00,35905.00,42528.00
VIC,3878,536.00,32702.00,44846.00
VIC,3880,1966.00,31227.00,40997.00
VIC,3882,601.00,33498.00,41150.00
VIC,3885,1040.00,32109.00,37028.00
VIC,3888,1688.00,33701.00,42598.00
VIC,3892,584.00,29310.00,38374.00
VIC,3896,217.00,34063.00,42530.00
VIC,3898,402.00,28454.00,35388.00
VIC,3902,220.00,32753.00,41282.00
VIC,3903,413.00,33436.00,44028.00
VIC,3904,743.00,31418.00,42746.00
VIC,3909,3892.00,31200.00,40246.00
VIC,3910,13192.00,42156.00,48999.00
VIC,3911,1919.00,39048.00,49254.00
VIC,3912,8958.00,39586.00,48898.00
VIC,3913,2036.00,39684.00,50855.00
VIC,3915,4372.00,37281.00,44963.00
VIC,3916,653.00,37290.00,65537.00
VIC,3918,2190.00,40434.00,48626.00
VIC,3919,1589.00,36702.00,42643.00
VIC,3920,420.00,41146.00,44391.00
VIC,3922,3879.00,31105.00,40144.00
VIC,3923,332.00,33218.00,47201.00
VIC,3925,1844.00,33893.00,41497.00
VIC,3926,1985.00,38739.00,56134.00
VIC,3927,973.00,35492.00,50979.00
VIC,3928,334.00,39554.00,107650.00
VIC,3929,607.00,36834.00,83352.00
VIC,3930,10949.00,44169.00,72311.00
VIC,3931,13413.00,38805.00,51264.00
VIC,3933,694.00,35867.00,56413.00
VIC,3934,10752.00,40362.00,57182.00
VIC,3936,5608.00,36207.00,47739.00
VIC,3937,1150.00,38290.00,66262.00
VIC,3938,1688.00,33621.00,46152.00
VIC,3939,7233.00,34407.00,42327.00
VIC,3940,1916.00,30896.00,38880.00
VIC,3941,6379.00,34057.00,42286.00
VIC,3942,1347.00,33216.00,50302.00
VIC,3943,1013.00,34842.00,61681.00
VIC,3944,436.00,52430.00,141172.00
VIC,3945,560.00,34567.00,45275.00
VIC,3950,2489.00,35468.00,43332.00
VIC,3951,585.00,33970.00,39816.00
VIC,3953,4427.00,36366.00,44389.00
VIC,3956,1334.00,31727.00,39384.00
VIC,3959,677.00,28608.00,39601.00
VIC,3960,1457.00,31672.00,41348.00
VIC,3962,505.00,29175.00,36853.00
VIC,3966,289.00,32253.00,44930.00
VIC,3971,2115.00,33999.00,42145.00
VIC,3975,7570.00,44707.00,49157.00
VIC,3976,13307.00,40477.00,43248.00
VIC,3977,43173.00,42282.00,47203.00
VIC,3978,3108.00,46065.00,50741.00
VIC,3979,221.00,32412.00,36571.00
VIC,3980,1782.00,42212.00,47579.00
VIC,3981,2364.00,37455.00,45171.00
VIC,3984,2362.00,33996.00,39985.00
VIC,3987,825.00,34585.00,42915.00
VIC,3988,651.00,31926.00,40054.00
VIC,3991,206.00,27573.00,32313.00
VIC,3992,383.00,31477.00,37240.00
VIC,3995,4900.00,32854.00,45661.00
VIC,3996,2796.00,33802.00,46120.00
WA ,6000,9309.00,54191.00,82628.00
WA ,6003,3651.00,42589.00,58913.00
WA ,6004,6920.00,52837.00,79340.00
WA ,6005,4314.00,59673.00,87075.00
WA ,6006,5740.00,55354.00,77317.00
WA ,6007,4980.00,60907.00,88149.00
WA ,6008,9771.00,62524.00,102146.00
WA ,6009,11670.00,58379.00,133958.00
WA ,6010,10912.00,58582.00,110909.00
WA ,6011,6525.00,67741.00,152792.00
WA ,6012,5828.00,55679.00,123871.00
WA ,6014,13519.00,54388.00,90505.00
WA ,6015,4693.00,66039.00,127102.00
WA ,6016,6375.00,53244.00,74136.00
WA ,6017,3222.00,47697.00,56287.00
WA ,6018,24454.00,54364.00,76010.00
WA ,6019,15293.00,55012.00,77364.00
WA ,6020,14526.00,52716.00,82523.00
WA ,6021,12958.00,50016.00,66005.00
WA ,6022,3251.00,47877.00,58286.00
WA ,6023,10218.00,51542.00,71288.00
WA ,6024,8848.00,47132.00,58130.00
WA ,6025,20279.00,50356.00,70626.00
WA ,6026,14895.00,49651.00,64079.00
WA ,6027,27992.00,48575.00,63467.00
WA ,6028,14487.00,51557.00,69631.00
WA ,6029,1989.00,55850.00,96638.00
WA ,6030,22660.00,46753.00,60495.00
WA ,6031,8444.00,50450.00,61228.00
WA ,6033,347.00,47035.00,67866.00
WA ,6035,3716.00,47410.00,61358.00
WA ,6036,7576.00,50693.00,62639.00
WA ,6037,1423.00,43391.00,59451.00
WA ,6041,789.00,41494.00,60781.00
WA ,6044,742.00,35296.00,56934.00
WA ,6050,10403.00,54605.00,93092.00
WA ,6051,8719.00,51986.00,66072.00
WA ,6052,7252.00,53223.00,69694.00
WA ,6053,8968.00,52923.00,66532.00
WA ,6054,11935.00,48346.00,58623.00
WA ,6055,9714.00,53986.00,67792.00
WA ,6056,22951.00,48292.00,59095.00
WA ,6057,10440.00,51854.00,62342.00
WA ,6058,7710.00,49872.00,58269.00
WA ,6059,14660.00,46402.00,63591.00
WA ,6060,15225.00,50891.00,63390.00
WA ,6061,19928.00,43303.00,49627.00
WA ,6062,20779.00,44896.00,54881.00
WA ,6063,8389.00,45237.00,52381.00
WA ,6064,16919.00,42366.00,49197.00
WA ,6065,36500.00,50130.00,61800.00
WA ,6066,11351.00,44862.00,53521.00
WA ,6069,18798.00,53783.00,65568.00
WA ,6070,2312.00,49323.00,71285.00
WA ,6071,2225.00,47364.00,67477.00
WA ,6072,601.00,46188.00,61549.00
WA ,6073,2053.00,46947.00,65101.00
WA ,6074,638.00,47298.00,60683.00
WA ,6076,13862.00,47633.00,67357.00
WA ,6081,2937.00,50557.00,65847.00
WA ,6082,1962.00,48574.00,64122.00
WA ,6083,2248.00,47040.00,69241.00
WA ,6084,4433.00,48971.00,64200.00
WA ,6100,10168.00,51465.00,68197.00
WA ,6101,10725.00,49848.00,64345.00
WA ,6102,7493.00,38478.00,48839.00
WA ,6103,5663.00,48860.00,61155.00
WA ,6104,8829.00,50337.00,64269.00
WA ,6105,8544.00,47021.00,56286.00
WA ,6107,24812.00,44635.00,53289.00
WA ,6108,14295.00,45899.00,54061.00
WA ,6109,6290.00,44460.00,52525.00
WA ,6110,21843.00,47310.00,56079.00
WA ,6111,13501.00,46724.00,58351.00
WA ,6112,27995.00,49500.00,59387.00
WA ,6121,1802.00,49708.00,66212.00
WA ,6122,7762.00,53441.00,72568.00
WA ,6123,913.00,46378.00,59777.00
WA ,6124,707.00,47028.00,61844.00
WA ,6125,1726.00,48638.00,66143.00
WA ,6147,9091.00,43780.00,51692.00
WA ,6148,11222.00,45991.00,65990.00
WA ,6149,12792.00,46700.00,63951.00
WA ,6150,8948.00,42956.00,66158.00
WA ,6151,11581.00,56965.00,96174.00
WA ,6152,16130.00,50982.00,74892.00
WA ,6153,14206.00,53273.00,103865.00
WA ,6154,6399.00,49586.00,73725.00
WA ,6155,32347.00,48226.00,61732.00
WA ,6156,10298.00,54495.00,84056.00
WA ,6157,8693.00,53466.00,75450.00
WA ,6158,4782.00,57980.00,90041.00
WA ,6159,2282.00,63063.00,106728.00
WA ,6160,5892.00,48418.00,72326.00
WA ,6162,7041.00,51361.00,71801.00
WA ,6163,30058.00,47440.00,61664.00
WA ,6164,33335.00,53517.00,65544.00
WA ,6166,5977.00,52187.00,69578.00
WA ,6167,12781.00,48733.00,57993.00
WA ,6168,13119.00,46538.00,59053.00
WA ,6169,20036.00,47877.00,61841.00
WA ,6170,5093.00,51893.00,62244.00
WA ,6171,14752.00,57794.00,69572.00
WA ,6172,7975.00,51253.00,64514.00
WA ,6173,6826.00,59118.00,75372.00
WA ,6174,1614.00,49496.00,64142.00
WA ,6175,1946.00,53762.00,69141.00
WA ,6176,491.00,45114.00,67027.00
WA ,6207,486.00,47879.00,63289.00
WA ,6208,5724.00,45011.00,63342.00
WA ,6210,37779.00,44566.00,63240.00
WA ,6213,417.00,41916.00,59286.00
WA ,6214,369.00,41612.00,59385.00
WA ,6215,2139.00,45833.00,63496.00
WA ,6218,297.00,36521.00,50526.00
WA ,6220,2676.00,41993.00,53610.00
WA ,6224,650.00,44115.00,61276.00
WA ,6225,4709.00,49362.00,67109.00
WA ,6226,438.00,51975.00,71281.00
WA ,6227,440.00,47514.00,59488.00
WA ,6230,24685.00,46321.00,62150.00
WA ,6232,5862.00,48748.00,61092.00
WA ,6233,10666.00,49602.00,65014.00
WA ,6236,1287.00,43426.00,62571.00
WA ,6237,1499.00,43708.00,60305.00
WA ,6239,2630.00,37674.00,51774.00
WA ,6244,948.00,34061.00,46470.00
WA ,6253,389.00,27763.00,44537.00
WA ,6254,260.00,39890.00,52584.00
WA ,6255,2290.00,36668.00,49609.00
WA ,6258,3928.00,37395.00,47103.00
WA ,6260,940.00,35671.00,46221.00
WA ,6262,405.00,29921.00,42339.00
WA ,6271,1798.00,41710.00,55119.00
WA ,6275,800.00,30787.00,43394.00
WA ,6280,15537.00,39371.00,53988.00
WA ,6281,4667.00,40371.00,58844.00
WA ,6282,926.00,38393.00,60177.00
WA ,6284,1253.00,39476.00,52665.00
WA ,6285,6225.00,36995.00,50003.00
WA ,6286,369.00,31129.00,42104.00
WA ,6288,342.00,32367.00,46755.00
WA ,6290,1000.00,30208.00,40969.00
WA ,6302,1997.00,40115.00,53722.00
WA ,6304,920.00,38621.00,53963.00
WA ,6306,572.00,41477.00,55165.00
WA ,6308,899.00,43258.00,56076.00
WA ,6311,295.00,39911.00,49318.00
WA ,6312,2685.00,43269.00,52969.00
WA ,6315,1273.00,39728.00,50382.00
WA ,6317,2336.00,41267.00,48680.00
WA ,6318,286.00,42980.00,62200.00
WA ,6320,358.00,39230.00,51455.00
WA ,6321,314.00,31297.00,42802.00
WA ,6323,522.00,37076.00,45067.00
WA ,6324,2002.00,34810.00,43673.00
WA ,6326,328.00,26380.00,37232.00
WA ,6328,280.00,37279.00,51482.00
WA ,6330,19825.00,39251.00,49312.00
WA ,6333,3390.00,32378.00,45515.00
WA ,6335,475.00,47319.00,64705.00
WA ,6336,218.00,38588.00,54430.00
WA ,6337,409.00,48379.00,66688.00
WA ,6338,473.00,41261.00,62159.00
WA ,6346,541.00,41498.00,60987.00
WA ,6348,570.00,50805.00,67744.00
WA ,6350,269.00,47243.00,59224.00
WA ,6353,552.00,47366.00,58081.00
WA ,6355,400.00,52160.00,79141.00
WA ,6359,320.00,48448.00,65379.00
WA ,6365,343.00,50598.00,64478.00
WA ,6367,235.00,44400.00,60205.00
WA ,6369,489.00,44414.00,57508.00
WA ,6370,329.00,43838.00,55030.00
WA ,6375,669.00,45892.00,58509.00
WA ,6383,577.00,49055.00,69369.00
WA ,6390,978.00,67091.00,75522.00
WA ,6391,696.00,41639.00,53108.00
WA ,6392,358.00,41850.00,51459.00
WA ,6395,1450.00,35666.00,46039.00
WA ,6396,243.00,37138.00,46140.00
WA ,6398,324.00,27857.00,38333.00
WA ,6401,3928.00,46221.00,56303.00
WA ,6407,601.00,49198.00,56291.00
WA ,6409,247.00,44865.00,60048.00
WA ,6410,539.00,42930.00,52585.00
WA ,6415,1672.00,47211.00,53924.00
WA ,6418,415.00,56633.00,69814.00
WA ,6426,490.00,51662.00,72620.00
WA ,6429,389.00,52985.00,60774.00
WA ,6430,13841.00,62219.00,72972.00
WA ,6432,4140.00,56242.00,66060.00
WA ,6437,235.00,79263.00,85714.00
WA ,6438,318.00,43800.00,52682.00
WA ,6440,258.00,44692.00,50536.00
WA ,6442,1262.00,75436.00,78672.00
WA ,6443,376.00,42405.00,52849.00
WA ,6450,8154.00,42615.00,55857.00
WA ,6460,432.00,40967.00,59993.00
WA ,6461,411.00,40681.00,55472.00
WA ,6468,217.00,51742.00,69717.00
WA ,6475,238.00,44556.00,49285.00
WA ,6479,388.00,33781.00,40123.00
WA ,6485,270.00,50022.00,63373.00
WA ,6501,613.00,46436.00,61863.00
WA ,6502,761.00,38681.00,55493.00
WA ,6503,1349.00,35890.00,46589.00
WA ,6507,374.00,41763.00,49337.00
WA ,6510,1207.00,42525.00,51736.00
WA ,6511,317.00,40240.00,60599.00
WA ,6514,324.00,38172.00,55420.00
WA ,6515,246.00,38194.00,49445.00
WA ,6516,1003.00,42381.00,60854.00
WA ,6517,303.00,42240.00,51518.00
WA ,6519,327.00,40669.00,57699.00
WA ,6521,219.00,29196.00,41546.00
WA ,6522,310.00,52669.00,72187.00
WA ,6525,2018.00,45125.00,65741.00
WA ,6528,296.00,41332.00,61628.00
WA ,6530,19881.00,46543.00,60518.00
WA ,6532,2572.00,49869.00,61667.00
WA ,6535,869.00,35743.00,50218.00
WA ,6536,877.00,36474.00,52153.00
WA ,6537,494.00,40875.00,50053.00
WA ,6556,1233.00,46003.00,58707.00
WA ,6558,476.00,43206.00,54130.00
WA ,6560,669.00,46151.00,53177.00
WA ,6562,680.00,46751.00,59488.00
WA ,6564,249.00,42503.00,57340.00
WA ,6566,1916.00,40857.00,55377.00
WA ,6603,762.00,46079.00,58359.00
WA ,6609,533.00,45448.00,58355.00
WA ,6620,223.00,41444.00,49265.00
WA ,6623,426.00,45527.00,56375.00
WA ,6630,318.00,44475.00,53225.00
WA ,6638,232.00,44601.00,53580.00
WA ,6642,409.00,40482.00,50841.00
WA ,6701,3361.00,40800.00,51539.00
WA ,6707,1707.00,49830.00,63632.00
WA ,6710,631.00,93292.00,117524.00
WA ,6713,669.00,95653.00,107451.00
WA ,6714,10692.00,79260.00,91825.00
WA ,6716,393.00,113687.00,99643.00
WA ,6718,406.00,41818.00,56315.00
WA ,6720,1347.00,89456.00,94391.00
WA ,6721,3037.00,85448.00,100909.00
WA ,6722,6204.00,74986.00,83318.00
WA ,6725,8011.00,49955.00,60073.00
WA ,6726,1275.00,51864.00,64477.00
WA ,6728,2050.00,50898.00,58848.00
WA ,6740,467.00,54513.00,62316.00
WA ,6743,3861.00,51477.00,62387.00
WA ,6751,1907.00,84807.00,87634.00
WA ,6753,2953.00,79988.00,89713.00
WA ,6754,879.00,106600.00,96910.00
WA ,6765,767.00,37125.00,45761.00
WA ,6770,750.00,42148.00,50085.00
WA ,6798,991.00,74221.00,75328.00
WA ,6799,256.00,40403.00,49112.00
